hostname,st_spectype,st_teff,st_rad,st_mass,st_met,st_metratio,st_lum,st_logg,st_age,st_dens,lum_class,sub_class
11 Com,G,4742,19,2.7,-0.35,[Fe/H],2.243,2.31,,,III,8
11 UMi,K,4213,29.79,2.78,-0.02,[Fe/H],2.43,1.93,1.56,,III,4
14 And,K,4813,11,2.2,-0.24,[Fe/H],1.763,2.63,4.5,,III,0
14 Her,K,5338,0.93,0.9,0.41,[Fe/H],-0.153,4.45,3.9,1.27393,V,0
16 Cyg B,G,5750,1.13,1.08,0.06,[Fe/H],0.097,4.36,7.4,1.01103,V,3
18 Del,G,4979,8.5,2.3,-0.052,[Fe/H],1.602,2.82,1.1,,III,6
1RXS J160929.1-210524,K,4060,1.31,0.85,,,-0.37,4,0.005,0.38789,V,7
24 Boo,G,4893,10.64,0.99,-0.77,[Fe/H],1.774,2.42,6.92,,IV,3
24 Sex,K,5098,4.9,1.54,-0.03,[Fe/H],1.164,3.5,2.7,,IV,0
2MASS J01225093-2439505,M,3530,0.37,0.4,,,-1.72,4.86,0.12,10.11868,V,3
2MASS J02192210-3925225,M,3064,0.28,0.11,,,-2.23,4.59,0.035,17.67076,V,6
2MASS J04414489+2301513,M,2936,0.23,0.02,,,-2.444,5.01,0.001,22.7811,V,8
2MASS J12073346-3932539,M,2825,0.22,0.02,,,-2.561,5.03,0.008,25.27945,V,8
2MASS J21402931+1625183 A,M,2300,0.12,0.08,,,-3.48,5.22,,63.55229,V,8
2MASS J22362452+4751425,K,4045,0.64,0.6,,,-1.021,4.62,0.12,3.36994,V,7
30 Ari B,F,6331,1.41,1.93,0.19,[Fe/H],0.381,4.43,0.91,0.743,V,6
4 UMa,K,4415,18.11,1.23,-0.25,[Fe/H],2.062,1.8,4.604,,III,1
42 Dra,K,4200,22.03,0.98,-0.46,[Fe/H],2.155,1.71,9.49,,III,1
47 UMa,G,5872,1.21,1.06,0.04,[M/H],0.198,4.3,6.48,0.83662,V,0
51 Eri,F,7295,1.49,1.65,-0.027,[M/H],0.752,4.31,0.02,0.70712,IV,0
51 Peg,G,5758,1.18,1.03,0.18,[M/H],0.136,4.31,10,0.89374,V,5
55 Cnc,K,5172,0.94,0.91,0.35,[Fe/H],-0.197,4.43,5.5,1.41851,IV-V,0
6 Lyn,K,4938,5.2,1.44,-0.13,[Fe/H],1.176,3.19,2.353,,IV,0
61 Vir,G,5577,0.96,0.94,-0.01,[Fe/H],-0.095,4.34,8.96,1.44933,V,5
7 CMa,K,4826,4.87,1.34,0.21,[Fe/H],1.063,3.19,4.3,,III,1
70 Vir,G,5495,1.89,1.09,-0.09,[Fe/H],0.451,3.95,7.77,0.19024,V,5
75 Cet,G,4846,10.5,2.49,0,[Fe/H],1.73,2.63,,,III,3
8 UMi,K,4847,10.3,1.44,-0.03,[Fe/H],1.725,2.57,1.7,,III,0
81 Cet,G,4785,11,2.4,-0.06,[Fe/H],1.778,2.35,,,III,5
91 Aqr,K,4665,11,1.4,-0.03,[Fe/H],1.692,2.52,3.56,,III,0
AB Pic,K,5285,1,0.9,0.04,[Fe/H],-0.226,4.53,0.03,1.12014,V,2
alf Ari,K,4553,13.9,1.5,-0.16,[Fe/H],1.934,2.49,,,III,2
alf Tau,K,4055,45.1,1.13,-0.27,[Fe/H],2.672,1.2,6.6,,III,5
AU Mic,M,3700,0.75,0.5,,,-1.046,4.57,0.022,2.74466,V,1.5
BD+14 4559,K,4864,0.86,0.49,0.17,[Fe/H],-0.32,4.26,,1.73113,V,2
BD+15 2375,G,4649,8.95,1.08,-0.22,[Fe/H],1.57,2.61,7.41,,III,5
BD+15 2940,K,4796,14.7,1.1,0.28,[Fe/H],2.01,2.8,7.1,,III,0
BD+20 2457,K,4259,71.02,10.83,-0.79,[Fe/H],3.17,1.77,,,III,2
BD+20 274,K,4296,17.3,0.8,-0.46,[Fe/H],1.96,1.99,,,III,5
BD+20 594,G,5766,1.08,1.67,-0.15,[Fe/H],-0.056,4.5,3.34,1.89,V,
BD+45 564,K,5004,0.81,0.81,-0.09,[Fe/H],-0.399,4.22,,2.22951,V,1
BD+48 738,K,4414,11,0.74,-0.2,[Fe/H],1.69,2.24,,,III,0
BD+48 740,K,4534,10.33,1.09,-0.13,[Fe/H],1.64,2.48,,,III,3
BD+49 828,K,4943,7.6,1.52,-0.19,[Fe/H],1.47,2.85,2.34,,III,0
BD+55 362,K,5012,0.9,0.91,0.18,[Fe/H],-0.313,4.09,,1.66486,V,3
BD+63 1405,K,5000,0.8,0.82,-0.09,[Fe/H],-0.413,4.2,,2.29955,V,0
BD-00 4475,G,5040,0.84,0.81,-0.14,[Fe/H],-0.35,4.25,,2.0533,V,0
BD-06 1339,K,4324,0.69,0.7,-0.14,[Fe/H],-1.022,4.74,4.4,2.747,V,7
BD-08 2823,K,4816,0.71,0.5,-0.06,[Fe/H],-0.626,4.43,4.5,3.31801,V,3
BD-10 3166,K,5393,0.91,1.47,0.38,[Fe/H],-0.191,4.69,1,1.53276,V,0
BD-11 4672,K,4550,0.64,0.65,-0.35,[Fe/H],-0.804,4.64,7.4,3.53,V,7
BD-13 2130,G,4545,19.17,2.12,-0.08,[Fe/H],2.043,2.2,0.74,,IV-V,5
BD-17 63,K,4714,0.69,0.74,-0.03,[Fe/H],-0.678,4.26,4.3,2.75844,V,5
bet Cnc,K,4092.1,47.2,1.7,-0.29,[Fe/H],2.9,1.4,1.85,,III,4
bet Pic,A,8038.68,1.54,1.76,-0.21,[Fe/H],0.953,4.35,0.012,0.74666,V,5
bet UMi,K,4126,38.3,1.4,-0.27,[Fe/H],2.73,1.5,2.95,,III,4
CFHTWIR-Oph 98 A,M,2320,0.24,0.01,,,-2.85,3.85,0.003,,V,9
CoRoT-1,G,5950,1.11,0.95,-0.3,[M/H],0.298,4.25,1.6,0.93,V,0
CoRoT-10,K,5075,0.79,0.89,0.26,[Fe/H],-0.726,4.65,3,3.32,V,1
CoRoT-11,F,6440,1.37,1.27,-0.03,[Fe/H],0.378,4.22,2,0.69,V,6
CoRoT-13,G,5945,1.01,1.09,0.01,[Fe/H],0.073,4.46,1.635,1.468,V,0
CoRoT-14,F,6035,1.21,1.13,0.05,[Fe/H],0.119,4.35,4.2,0.91,V,9
CoRoT-16,G,5650,1.19,1.1,0.19,[M/H],-0.435,4.36,6.73,0.93,V,5
CoRoT-17,G,5740,1.59,1.04,0,[Fe/H],0.134,4.4,10.7,0.32,V,2
CoRoT-18,G,5440,1,0.95,-0.1,[Fe/H],-0.17,4.4,0.032,1.35,V,9
CoRoT-19,F,6090,1.65,1.21,-0.02,[Fe/H],0.544,4.07,5,0.38,V,9
CoRoT-20,G,5880,1.02,1.14,0.14,,0.17,4.35,0.1,1.51,V,2
CoRoT-21,F,6200,1.95,1.29,0,[Fe/H],0.705,3.7,4.1,0.255,IV,8
CoRoT-22,G,5939,1.14,1.1,0.17,[Fe/H],0.014,4.36,3.3,1.027,V,3
CoRoT-23,G,5900,1.61,1.14,0.05,[Fe/H],0.087,4.3,7.2,0.5,V,0
CoRoT-24,K,4950,0.86,0.91,0.3,[Fe/H],-0.601,4.55,11,1.94863,V,1
CoRoT-25,F,6040,1.19,1.09,-0.01,[Fe/H],0.141,4.31,4.5,0.64637,V,9
CoRoT-26,G,5590,1.79,1.09,0.01,[Fe/H],0.451,3.99,8.6,,V,5
CoRoT-27,G,5900,1.08,1.05,-0.1,[M/H],-0.166,4.4,4.21,1.24,V,2
CoRoT-28,G,5150,1.78,1.01,0.15,[Fe/H],0.388,3.6,12,0.27,IV,8
CoRoT-29,K,5260,0.9,0.97,0.2,[Fe/H],-0.094,4.3,4.5,1.825,V,0
CoRoT-3,F,6740,1.56,1.37,0.14,[Fe/H],0.391,4.22,2.2,0.431,V,3
CoRoT-30,G,5650,0.91,0.98,0.02,[Fe/H],-0.197,4.4,3,1.54162,V,3
CoRoT-31,G,5700,2.15,1.25,0,[Fe/H],0.398,3.85,4.7,0.1518,IV,2
CoRoT-5,F,6100,1.19,1,-0.25,[M/H],0.18,4.19,6.9,1.01,V,9
CoRoT-6,F,6090,1.02,1.05,-0.2,[Fe/H],0.026,4.43,2.5,1.31,V,9
CoRoT-7,G,5275,0.83,0.82,0.05,[Fe/H],-0.289,4.5,1.75,2,V,9
CoRoT-8,K,5080,0.77,0.88,0.3,[M/H],-0.4,4.58,3,2.7,V,1
CoRoT-9,G,5625,0.96,0.96,-0.01,[Fe/H],-0.254,4.54,6,1.51,V,3
CoRoTID 223977153,G,5970,0.79,1.08,0,[Fe/H],-0.155,4.67,,1.57283,V,0
DH Tau,M,4371,0.27,0.33,,,-0.212,4,0.001,0.37705,V,0
DMPP-1,F,6196,1.26,1.21,,,0.32,4.41,2.01,0.81281,V,8
DMPP-2,F,6500,1.78,1.44,,,0.104,4.1,2,0.24354,V,5
DMPP-3 A,K,5138,0.91,0.87,0.18,[Fe/H],-0.293,4.3,10.9,,V,0
DS Tuc A,G,5428,0.96,1.01,0,,-0.14,4.6,0.045,2.4,V,6
EPIC 211822797,M,4148.21,0.57,0.66,0.14,[Fe/H],-1.153,4.65,0.79,3.87972,V,0
EPIC 211945201,G,6069,1.39,1.17,0.1,[Fe/H],0.373,4.22,3.99,2.253,V,0
EPIC 212737443,K,4684,0.67,0.69,-0.137,[Fe/H],-0.751,4.62,,3.19,V,3
EPIC 220674823,G,5617,0.98,0.97,0.13,[Fe/H],-0.119,4.45,5,1.35,V,5
EPIC 246851721,F,6202,1.59,1.32,0.141,[Fe/H],0.526,4.16,3.02,0.465,V,5
EPIC 249893012,G,5430,1.71,1.05,0.2,[Fe/H],0.356,3.99,9,0.298,IV-V,8
eps CrB,K,4406,21,1.7,-0.094,[Fe/H],2.235,1.94,1.74,,III,2
eps Eri,K,5020.38,0.76,0.78,-0.13,[Fe/H],-0.419,4.59,0.5,2.78042,V,2
eps Ind A,K,4754,0.78,0.75,-0.134,[M/H],-0.622,4.57,4.7,2.56044,V,2
eps Tau,K,4901,13.7,2.7,0.15,[Fe/H],1.987,2.67,,,III,0
G 9-40,M,3348,0.31,0.29,0.04,[Fe/H],-1.971,4.93,9.9,14.11,V,2.5
gam 1 Leo,K,4330,31.88,1.23,-0.469,[M/H],2.51,1.66,2.412,,III,1
gam Cep,K,4888,4.9,1.4,0.18,[Fe/H],1.073,3.33,5.4,,IV,1
gam Lib,K,4822,11.1,1.47,-0.3,[Fe/H],1.85,2.47,2.82,,III,0
GJ 1061,M,2953,0.16,0.12,-0.08,[Fe/H],-2.77,5.16,7,47.5619,V,5
GJ 1132,M,3270,0.21,0.18,-0.12,[Fe/H],-2.359,4.88,5,15.4,V,4
GJ 1148,M,3287,0.36,0.34,0.16,[Fe/H],-1.869,4.87,,10.52554,V,5
GJ 1151,M,3114,0.2,0.17,,,-2.463,5.06,,29.34709,V,4
GJ 1214,M,3026,0.22,0.15,0.39,[Fe/H],-2.312,4.94,3,26.20204,V,4
GJ 1252,M,3458,0.39,0.38,0.1,[Fe/H],-1.708,4.89,,8.99304,V,3
GJ 1265,M,3236,0.19,0.18,-0.04,[Fe/H],-2.439,5.09,,,V,4
GJ 143,K,4640,0.69,0.73,0.003,[Fe/H],-0.686,4.61,3.8,3.03,V,4
GJ 15 A,M,3607,0.38,0.38,-0.34,[Fe/H],-1.655,4.87,,8.37411,V,1
GJ 160.2,M,4347,0.66,0.69,,,-0.796,4.61,,3.12966,V,0
GJ 163,M,3500,0.41,0.4,0.1,[Fe/H],-1.708,4.82,6,8.24778,V,
GJ 179,M,3370,0.38,0.36,0.3,[Fe/H],-1.796,4.83,,9.67547,V,3
GJ 180,M,3371,0.41,0.43,,,-1.886,4.81,,8.12507,V,2
GJ 2056,M,4069.95,0.71,0.62,,,-0.905,4.48,,2.07397,V,0
GJ 229,M,3912.54,0.46,0.58,,,-1.222,4.69,0.4,4.64116,V,1.5
GJ 251,M,3451,0.36,0.36,-0.03,[Fe/H],-1.772,4.96,,10.05319,V,3
GJ 27.1,M,3542,0.52,0.53,,,-1.585,4.72,,5.21124,V,0
GJ 273,M,3382,0.29,0.29,0.09,[Fe/H],-2.056,4.91,,13.19438,V,3
GJ 3021,G,5540,0.9,0.9,0.1,[Fe/H],-0.18,4.7,0.37,2.0094,V,6
GJ 3082,M,3910,0.47,0.47,,,-1.463,4.77,,6.47822,V,4
GJ 3138,M,3717,0.5,0.68,-0.3,[Fe/H],-1.347,4.63,,3.47127,V,0
GJ 317,M,3492.73,0.43,0.42,0.301,[Fe/H],-1.687,4.82,5,7.64772,V,2.5
GJ 328,M,3900,0.65,0.69,0,[M/H],-0.993,4.61,,3.21063,V,1
GJ 3293,M,3466,0.4,0.42,0.02,[Fe/H],-1.658,4.78,,6.89996,V,2.5
GJ 3341,M,3526,0.44,0.47,-0.09,[Fe/H],-1.538,4.77,,6.49365,V,2.5
GJ 338 B,M,4005,0.58,0.64,-0.03,[Fe/H],-1.101,4.68,4,4.04454,V,0
GJ 3470,M,3600,0.55,0.54,0.2,[Fe/H],-1.538,4.7,1.65,3.3,V,1.5
GJ 3473,M,3347,0.36,0.36,0.11,[Fe/H],-1.824,4.81,,10.93,V,4
GJ 3512,M,3081,0.14,0.12,-0.07,[Fe/H],-2.804,5.16,5.5,47.47816,V,5
GJ 357,M,3505,0.34,0.34,-0.12,[Fe/H],-1.798,4.94,,13.6,V,2.5
GJ 3634,M,3517,0.43,0.45,,,-1.699,4.78,5,6.74048,V,2.5
GJ 3779,M,3324,0.28,0.27,0,[Fe/H],-2.062,5.05,,16.23344,V,4
GJ 3942,M,3867,0.61,0.63,-0.04,[Fe/H],-1.12,4.65,,4.16712,V,0
GJ 3998,M,3722,0.49,0.5,-0.16,[Fe/H],-1.387,4.77,,5.18823,V,1
GJ 411,M,3601,0.39,0.39,-0.09,[Fe/H],-1.71,4.87,,9.60131,V,1.5
GJ 414 A,K,4120,0.68,0.65,0.24,[Fe/H],-0.924,4.65,12.4,2.1524,V,7
GJ 422,M,3323,0.37,0.35,,,-1.959,4.85,,9.92794,V,3
GJ 4276,M,3387,0.41,0.41,0.12,[Fe/H],-1.706,4.97,6.9,8.27661,V,4
GJ 433,M,3461,0.5,0.48,-0.17,[Fe/H],-1.699,4.81,,6.36665,V,1.5
GJ 436,M,3586.11,0.46,0.47,0.099,[Fe/H],-1.585,4.79,6,7,V,2.5
GJ 480,M,3381,0.46,0.45,,,-1.612,4.78,,6.73991,V,3
GJ 486,M,3340,0.33,0.32,0.07,[Fe/H],-1.917,4.89,,12.10824,V,3
GJ 504,G,6234,1.26,1.22,0.28,[Fe/H],0.332,4.6,0.16,0.63882,V,0
GJ 536,M,3685,0.5,0.52,-0.08,[Fe/H],-1.377,4.75,0.4,5.4445,V,1
GJ 581,M,3396,0.33,0.31,-0.088,[Fe/H],-1.885,4.89,4.3,12.22384,V,3
GJ 625,M,3499,0.31,0.3,-0.38,[Fe/H],-1.894,4.94,,11.72633,V,2
GJ 649,M,3700,0.5,0.54,0.08,[Fe/H],-1.365,4.76,0.44,5.25992,V,1.5
GJ 674,M,3600,0.36,0.35,-0.28,[Fe/H],-1.796,4.86,0.55,10.21003,V,2.5
GJ 676 A,M,3734,0.69,0.73,0.08,[Fe/H],-1.043,4.62,,3.23229,V,0
GJ 682,M,3028,0.3,0.27,,,-2.699,4.93,,14.59297,V,3
GJ 685,M,3816,0.54,0.55,-0.15,[Fe/H],-1.253,4.72,,4.44737,V,0
GJ 687,M,3413,0.42,0.4,0.063,[Fe/H],-1.672,4.86,,8.37834,V,3
GJ 740,M,3913,0.56,0.58,0.08,[Fe/H],-1.206,4.68,,4.01176,V,1
GJ 832,M,3472,0.44,0.45,-0.3,[Fe/H],-1.585,4.7,9.24,7.16403,V,1.5
GJ 849,M,3562.68,0.47,0.49,0.22,[Fe/H],-1.583,4.77,3,6.51372,V,3
GJ 86,K,5182,0.77,0.93,-0.22,[Fe/H],-0.39,4.63,11.3,2.51158,V,1
GJ 876,M,3293.74,0.3,0.32,0.213,[Fe/H],-1.907,4.87,1,10.86557,V,4
GJ 887,M,3688,0.47,0.49,-0.06,[Fe/H],-1.434,4.78,2.88,6.05563,V,1
GJ 9066,M,3305,0.18,0.15,,,-2.566,5.1,,36.04136,V,4
GJ 96,M,3785,0.58,0.6,0.14,[Fe/H],-1.052,4.67,,4.11988,V,2
GJ 9827,K,4340,0.6,0.61,-0.26,[m/H],-0.942,4.66,10,3.97,V,5
Gl 378,M,3879,0.56,0.56,0.06,[Fe/H],-1.222,4.69,,4.44497,V,1
Gl 49,M,3805,0.51,0.52,0.13,[Fe/H],-1.306,4.69,,4.79974,V,1.5
Gl 686,M,3656,0.43,0.43,-0.23,[Fe/H],-1.53,4.87,,7.14549,V,1
GQ Lup,K,4360,1.94,0.7,-0.35,[Fe/H],-0.072,3.65,0.001,,V,7
GSC 06214-00210,K,4200,0.9,0.9,-0.06,[Fe/H],-0.42,4.37,0.005,1.32072,V,7
GU Psc,M,4031.81,0.45,0.33,0.1,[Fe/H],-1.602,4.78,0.1,6.89528,V,3
HAT-P-1,G,5980,1.17,1.15,0.13,[Fe/H],0.225,4.36,3.6,0.908,V,0
HAT-P-11,K,4780,0.68,0.81,0.31,[Fe/H],-0.567,4.66,6.5,3.70008,V,4
HAT-P-12,K,4650,0.7,0.73,-0.29,[Fe/H],-0.678,4.61,2.5,2.205,V,4
HAT-P-13,G,5653,1.76,1.32,0.46,[Fe/H],0.346,4.13,5,0.23563,V,4
HAT-P-14,F,6600,1.82,2.65,0.11,[Fe/H],0.644,4.25,1.6,0.62,V,5
HAT-P-15,G,5568,1.07,1,0.22,[Fe/H],0,4.38,6.8,1.14,V,5
HAT-P-16,F,6158,1.24,1.22,0.17,[Fe/H],0.294,4.34,2,1.104,V,8
HAT-P-17,K,5246,0.87,0.99,0,[Fe/H],-0.289,4.53,7.8,2.08,V,
HAT-P-18,K,4803,0.75,0.77,0.1,[Fe/H],-0.569,4.57,12.4,2.94,V,2
HAT-P-19,K,4990,0.82,0.84,0.23,[Fe/H],-0.432,4.54,8.8,2.32555,V,1
HAT-P-2,F,6380,1.39,1.33,0.18,[Fe/H],0.53,4.16,1.44,0.434,V,8
HAT-P-20,K,4595,0.69,0.76,0.35,[Fe/H],-0.721,4.63,6.7,2.36,V,3
HAT-P-21,G,5588,1.21,1.24,0.01,[Fe/H],0.025,4.33,10.2,1,IV,3
HAT-P-22,G,5302,1.11,1.13,0.24,[Fe/H],-0.114,4.36,12.4,1.16,V,5
HAT-P-23,G,5905,0.96,0.58,0.15,[Fe/H],0.199,4.33,4,0.92,V,0
HAT-P-24,F,6373,1.38,1.37,-0.16,[Fe/H],0.408,4.27,2.8,0.74,V,8
HAT-P-25,G,5519,0.92,1.01,0.294,[Fe/H],-0.152,4.52,3.2,1.84,IV,5
HAT-P-26,K,5079,0.87,1.12,-0.04,[Fe/H],-0.359,4.56,9,2.37,V,1
HAT-P-27,G,5316,0.86,0.92,0.3,[M/H],-0.269,4.53,4.4,1.99758,V,8
HAT-P-28,G,5680,1.1,1.02,0.12,[Fe/H],0.053,4.36,6.1,1.24374,V,3
HAT-P-29,F,6087,1.3,1.45,0.21,[Fe/H],0.272,4.34,2.2,0.93,V,8
HAT-P-3,K,5185,0.87,1.06,0.27,[Fe/H],-0.36,4.56,1.6,2.28,V,
HAT-P-30,F,6304,1.31,1.55,0.13,[Fe/H],0.312,4.36,1,0.98,V,7
HAT-P-33,F,6446,1.79,1.82,0.05,[Fe/H],0.618,4.15,2.3,0.45,IV-V,4
HAT-P-36,G,5620,1.04,1.03,0.25,[Fe/H],0.022,4.42,6.6,1.089,V,5
HAT-P-38,G,5330,0.92,0.89,0.06,,-0.208,4.37,10.1,1.20784,V,5
HAT-P-4,F,5860,1.62,0.56,0.24,,0.431,4.14,3.9,0.437,IV,
HAT-P-43,F,5645,1.1,1.05,0.23,[Fe/H],0.045,4.37,5.7,1.05193,V,9
HAT-P-49,F,6820,2.06,2.22,0.07,[Fe/H],0.814,4.1,1.5,0.36,V,
HAT-P-5,G,5960,1.12,1.04,0.24,[Fe/H],0.187,4.37,2.6,1.04,V,
HAT-P-50,F,6280,1.7,1.27,-0.18,[Fe/H],0.603,4.07,3.37,0.357,IV-V,5
HAT-P-51,G,5449,1.04,0.98,0.27,[Fe/H],-0.066,4.39,8.2,1.223,V,7
HAT-P-52,K,5131,0.89,0.89,0.28,[Fe/H],-0.305,4.48,9.4,1.75,V,1
HAT-P-54,K,4390,0.62,0.65,-0.127,[Fe/H],-0.902,4.67,3.9,2.08306,V,7
HAT-P-56,F,6566,1.47,1.42,0,[Fe/H],0.553,3.39,2.01,0.63,III,8
HAT-P-57,A,6330,1.85,2.77,-0.25,[Fe/H],0.806,4.25,1,0.62,V,8
HAT-P-65,G,5835,1.86,1.21,0.1,[Fe/H],0.555,3.98,5.46,0.266,IV-V,2
HAT-P-66,G,6002,1.88,1.25,0.035,[Fe/H],0.615,3.99,4.66,0.269,V,0
HAT-P-68,K,4508,0.67,0.68,-0.059,[Fe/H],-0.779,4.62,11.1,3.165,V,
HAT-P-8,F,6200,1.57,1.27,0.01,[Fe/H],0.519,4.15,3.4,0.46,V,6
HAT-P-9,F,6350,1.34,1.28,0.12,[Fe/H],0.418,4.29,1.6,0.755,V,7
HATS-11,G,6563,1.54,1.33,0.03,[Fe/H],0.403,4.19,7.7,0.479,IV-V,0
HATS-12,F,6357,1.17,1.16,-0.1,[Fe/H],0.863,4.36,2.36,0.269,V,
HATS-15,G,5311,0.92,0.87,0,[Fe/H],-0.204,4.45,11,1.57,V,9
HATS-16,G,5738,1.24,0.97,-0.1,[Fe/H],0.173,4.24,9.5,0.72,V,3
HATS-17,G,5846,1.09,1.13,0.3,[Fe/H],0.093,4.42,2.1,1.22,V,
HATS-18,G,5600,1.02,1.04,0.28,[Fe/H],-0.032,4.44,4.2,1.37,V,
HATS-2,K,5227,0.9,0.88,0.15,[Fe/H],-0.268,4.48,9.7,1.43916,V,
HATS-22,K,4803,0.69,0.76,0,[Fe/H],-0.646,4.64,,3.28,V,
HATS-23,G,5780,1.2,1.12,0.28,[Fe/H],0.155,4.33,4.2,0.91,V,
HATS-24,F,6125,1.12,1.07,-0.229,[Fe/H],0.19,4.37,3.7,1.059,V,
HATS-25,G,5715,1.11,0.99,0.02,[Fe/H],0.068,4.35,7.5,1.03,V,
HATS-26,F,6071,2.04,1.3,-0.02,[Fe/H],0.704,3.94,4.04,0.218,IV,
HATS-27,F,6438,1.74,1.42,0.09,[Fe/H],0.669,4.11,2.3,0.379,V,
HATS-28,G,5498,0.92,0.93,0.01,[Fe/H],-0.157,4.48,6.2,1.67,V,
HATS-29,G,5670,1.07,1.03,0.16,[Fe/H],0.029,4.39,5.5,1.17,V,
HATS-3,F,6351,1.4,1.21,-0.157,[Fe/H],0.456,4.22,3.2,0.62,V,
HATS-30,G,5943,1.06,1.09,0.06,[Fe/H],0.097,4.42,2.3,1.29,V,
HATS-36,G,5950,1.1,1.1,0.15,[Fe/H],0.215,4.4,0.62,1.19,V,0
HATS-4,G,5403,0.93,1,0.43,[Fe/H],-0.187,4.51,2.1,1.35215,V,
HATS-5,G,5304,0.87,0.94,0.19,[Fe/H],-0.268,4.53,3.6,1.8907,V,
HATS-6,M,3724,0.57,0.57,0.2,[Fe/H],-1.1,4.68,8.1,4.36,V,1
HATS-7,K,4985,0.81,0.85,0.25,[Fe/H],-0.434,4.54,7.8,2.22,V,2
HATS-71,M,3405,0.48,0.49,0.17,[Fe/H],-1.56,4.77,3.2,6.26,V,3
HD 100546,B,10500,1.85,2.4,,,1.5,4.33,0.005,0.58953,V,9
HD 100655,G,4891,10.06,2.28,0.07,[Fe/H],1.633,2.79,1.309,,III,9
HD 100777,G,5533,1.04,0.83,0.25,[Fe/H],0.021,4.32,2,1.15933,V,8
HD 10180,G,5911,1.11,1.06,0.08,[Fe/H],0.173,4.39,4.3,0.92213,V,1
HD 101930,K,5108,0.86,0.57,0.15,[Fe/H],-0.31,4.33,1,1.80149,V,1
HD 102117,G,5655,1.23,1.06,0.28,[Fe/H],0.157,4.29,10,0.74131,V,6
HD 102195,K,5301,0.82,0.76,0.04,[Fe/H],-0.334,4.49,2.4,2.16049,V,0
HD 102272,K,4790,10.3,1.45,-0.41,[Fe/H],1.662,2.58,,,III,0
HD 102329,K,4745,9.82,3.21,0.05,[Fe/H],1.292,2.96,1.6,,III,0
HD 102365,G,5630,0.95,0.85,-0.26,[Fe/H],-0.057,4.57,9,1.65359,V,3
HD 102843,K,5436,0.96,0.95,0.16,[M/H],-0.138,4.46,,1.55679,V,0
HD 102956,G,4985,4.55,1.66,0.19,[Fe/H],1.064,3.38,2.3,,III,5
HD 103197,K,5250,0.88,0.8,0.22,[Fe/H],-0.328,4.45,9.1,1.74247,V,1
HD 103720,K,5017,0.73,0.79,-0.02,[Fe/H],-0.458,4.43,3.8,2.46811,V,3
HD 103774,F,6489,1.58,1.33,0.28,[Fe/H],0.544,4.26,1.05,0.61418,V,5
HD 103949,K,4792,0.75,0.77,-0.07,[M/H],-0.569,4.59,,2.7045,V,3
HD 104067,K,4937,0.74,0.62,0,[Fe/H],-0.513,4.49,4.33,2.62618,V,2
HD 10442,K,4912,1.97,1.01,0.11,[Fe/H],0.31,3.19,10.65,,IV,0
HD 104985,G,4877,11,2.3,-0.15,[Fe/H],1.778,2.85,,,III,9
HD 106252,G,5874,1.1,1.01,-0.06,[Fe/H],0.128,4.36,4.19,1.0698,V,0
HD 106270,G,5509,2.66,1.39,0.08,[Fe/H],0.756,3.72,4.3,,IV,5
HD 106315,F,6327,1.3,1.09,-0.311,[Fe/H],0.395,4.25,4.48,0.97706,V,5
HD 10647,F,6218,1.1,1.11,0,[Fe/H],0.149,4.62,1.4,1.2517,V,9
HD 106515 A,G,5362,1.62,0.97,0.03,[Fe/H],0.09,4.41,11.7,1.66,V,5
HD 106906,F,6516,2.12,1.5,0.04,[Fe/H],0.75,3.9,0.013,0.19434,V,5
HD 10697,G,5600,1.79,1.13,0.17,[Fe/H],0.477,3.96,6.98,0.22439,IV,5
HD 107148,G,5797,1.17,1.12,0.314,[Fe/H],0.121,4.45,5.6,0.93155,V,5
HD 108147,F,6255.73,1.21,1.22,0.18,[M/H],0.303,4.36,3.2,0.97901,V,8
HD 108236,G,5660,0.88,0.87,-0.28,[Fe/H],-0.15,4.49,6.7,1.82,V,3
HD 108341,K,5122,0.79,0.84,0.04,[Fe/H],-0.37,4.45,4.9,2.56687,V,2
HD 108863,K,4878,5.74,1.59,0.2,[Fe/H],1.225,3.07,1.8,,III,0
HD 108874,G,5600,1.05,1.1,0.26,[Fe/H],-0.001,4.44,8,1.06371,V,5
HD 109246,G,5844,1.07,1.2,0.1,[Fe/H],0.1,4.46,,1.09918,V,0
HD 109271,G,5783,1.29,1.05,0.1,[Fe/H],0.301,4.28,7.3,0.74379,V,5
HD 109749,G,5824,1.22,1.13,0.24,[Fe/H],0.19,4.31,3.3,0.67348,V,3
HD 110014,K,4445,20.9,2.17,0.19,[Fe/H],2.304,2.1,0.95,,III,2
HD 110082,F,6200,1.19,1.21,0.08,[Fe/H],0.281,4.2,0.25,1,V,8
HD 110113,G,5732,0.97,1,0.14,[Fe/H],-0.032,4.46,4,1.51187,V,
HD 111232,G,5512,0.9,0.84,-0.43,[Fe/H],-0.161,4.45,5.2,1.71663,V,5
HD 111591,K,4884,8.03,1.94,0.07,[Fe/H],1.581,3.1,1.41,,III,0
HD 111998,F,6557,1.45,1.18,0.07,[Fe/H],0.512,4.19,1.9,0.6648,V,5
HD 112640,K,4155,39,1.8,-0.09,[Fe/H],2.453,1.7,1.6,,III,0
HD 113337,F,6576.6,1.5,1.4,0.07,[Fe/H],0.632,4.21,0.15,0.56519,V,6
HD 113538,K,4462,0.53,0.58,-0.24,[Fe/H],-1.046,3.79,4.3,1.97036,V,9
HD 113996,K,4181,25.11,1.49,0.13,[Fe/H],2.464,1.86,3.24,,III,5
HD 114386,K,4836,0.76,0.6,-0.05,[Fe/H],-0.54,4.45,1,2.44623,V,3
HD 114613,G,5641,2.14,1.27,0.18,[Fe/H],0.608,3.87,4.55,0.14156,IV,4
HD 114729,G,5844,1.47,0.94,-0.33,[Fe/H],0.421,4.05,10.116,0.37483,V,0
HD 114762,F,5869,1.2,0.8,-0.72,[Fe/H],0.221,4.18,13,0.7917,V,8
HD 114783,K,5135,0.84,0.85,0.21,[Fe/H],-0.372,4.53,7,2.02586,V,0
HD 11506,G,6030,1.34,1.24,0.34,[Fe/H],0.33,4.43,2.3,0.6413,V,0
HD 116029,K,4819,4.89,0.83,0.09,[Fe/H],1.053,2.98,2.7,,III,0
HD 117207,G,5732,1.07,1.05,0.19,[Fe/H],0.066,4.37,4.192,0.94568,IV-V,8
HD 11755,G,4312,20.58,0.72,-0.74,[Fe/H],2.169,1.67,10.2,,III,5
HD 117618,G,5990,1.2,1.08,0.028,[M/H],0.213,4.41,5.6,0.93343,V,2
HD 118203,K,5864,2.06,1.84,0.23,[Fe/H],0.646,4.08,4.6,0.17156,V,0
HD 11964,G,5303,2.01,0.91,0.1,[M/H],0.459,3.79,7.45,0.15806,V,9
HD 11977,G,4970,10.09,1.91,-0.21,[Fe/H],1.839,2.9,1.2,,III,8
HD 120084,G,4892,9.12,2.39,0.09,[Fe/H],1.64,2.71,1.02,,III,7
HD 121504,G,6027,1.07,1.62,0.15,[Fe/H],0.19,4.59,1.2,1.21555,V,2
HD 124330,G,5873,1.3,1.15,0.22,[Fe/H],0.338,4.24,,0.73677,IV,4
HD 12484,F,5920,1,1.01,0.05,[Fe/H],0.022,4.65,,1.46888,V,8
HD 125390,G,4850,6.47,1.36,-0.01,[M/H],1.124,3.13,,,V,7
HD 125595,K,4691,0.74,0.29,0.08,[Fe/H],-0.617,4.17,3.53,2.51689,V,4
HD 125612,G,5841,1.05,1.11,0.22,[Fe/H],0.06,4.45,1.77,1.01748,V,3
HD 12648,G,4835,11.02,0.67,-0.57,[Fe/H],1.753,2.18,4.5,,IV-V,5
HD 126525,G,5638,0.98,0.9,-0.1,[Fe/H],-0.04,4.38,9.67,1.41721,V,4
HD 12661,K,5645,1.2,1.2,0.36,[Fe/H],0.133,4.36,6.39,0.78842,V,0
HD 126614,G,5568,1.32,1.26,0.54,[Fe/H],0.083,4.3,7.2,0.55842,IV,8
HD 128311,K,4965,0.76,0.83,0.08,[Fe/H],-0.512,4.61,0.96,2.60924,V,0
HD 128356,K,4875,0.85,0.65,0.17,[Fe/H],-0.444,4.52,10,1.73248,V,3
HD 129445,G,5605,1.18,0.99,0.25,[Fe/H],0.09,4.31,,0.90369,V,6
HD 130322,K,5387,0.85,0.92,-0.02,[Fe/H],-0.235,4.52,0.35,1.95795,V,0
HD 131496,K,4846,4.44,1.34,0.25,[Fe/H],0.991,3.18,2.7,,III,0
HD 131664,G,5892,1.08,1.19,0.3,[Fe/H],0.164,4.45,2.4,1.06679,V,3
HD 13167,G,5671,2.39,1.35,0.19,[M/H],0.96,3.72,,0.04496,V,3
HD 13189,K,4175,38.41,2.24,-0.37,[Fe/H],2.636,1.62,,,III,2
HD 132406,G,5783,1.34,1.03,0.14,[Fe/H],0.26,4.2,7.187,0.58387,V,0
HD 132563,F,6289,1.3,1.23,-0.06,[Fe/H],0.374,4.3,2.31,0.79769,V,8
HD 133131 A,G,5799,0.96,0.95,-0.306,[Fe/H],-0.017,4.39,9.7,1.7157,V,2
HD 133131 B,G,5805,0.99,0.93,-0.281,[Fe/H],-0.009,4.41,9.7,1.7161,V,2
HD 134060,G,5966,1.16,1.09,0.14,[Fe/H],0.158,4.43,5.6,1.01593,IV,3
HD 134987,G,5736,1.22,1.1,0.28,[Fe/H],0.255,4.31,8.4,0.6832,V,5
HD 136352,G,5850,1.01,0.91,-0.25,[Fe/H],0.034,4.38,8.2,1.234,V,4
HD 136418,G,4989,3.78,1.48,-0.11,[Fe/H],0.833,3.45,4,,III,5
HD 137388,K,5181,0.88,0.68,0.19,[Fe/H],-0.337,4.39,6.45,1.71112,IV,2
HD 13808,K,5035,0.78,0.77,-0.21,[Fe/H],-0.435,4.58,7.2,2.45775,V,2
HD 13908,F,6255,1.67,1.29,0.01,[Fe/H],0.602,4.11,2.9,0.23621,V,8
HD 13931,G,5867,1.25,1.3,0.05,[Fe/H],0.196,4.36,8.4,0.71013,IV,0
HD 139357,K,4700,11.47,1.35,-0.13,[Fe/H],1.823,2.9,3.07,,III,0
HD 1397,G,5521,2.34,1.32,0.29,[Fe/H],0.66,3.82,4.51,0.147,IV,5
HD 14067,G,4815,12.4,2.4,-0.1,[Fe/H],1.898,2.61,0.69,,III,9
HD 141004,G,5885.38,1.39,1.05,0.025,[Fe/H],0.346,4.17,6.32,0.60737,V,1
HD 141399,K,5600,1.39,1.07,0.35,[Fe/H],0.201,4.28,,0.51159,IV,0
HD 141937,G,5870,1.03,1.09,0.11,[Fe/H],0.022,4.45,2.32,1.23793,V,2
HD 142,G,6245,1.47,1.23,0.09,[Fe/H],0.474,4.62,3.12,0.55028,IV,1
HD 142022 A,K,5421,1.04,0.9,0.19,[Fe/H],0.004,4.35,7,1.21798,V,0
HD 142245,K,4922,4.63,3.5,0.17,[Fe/H],1.13,3.65,2.3,,V,0
HD 142415,G,5940,1.04,1.07,0.13,[Fe/H],0.06,4.44,1.1,1.30524,V,1
HD 143105,F,6380,1.65,1.51,0.15,[Fe/H],0.556,4.37,,0.41134,V,5
HD 143361,G,5507,0.92,0.97,0.14,[Fe/H],-0.092,4.47,2.942,1.24457,V,6
HD 145377,G,6014,1.05,1.2,0.11,[Fe/H],0.193,4.47,1.3,1.20862,V,3
HD 145457,K,4769,10.52,1.23,-0.25,[Fe/H],1.655,2.48,2.605,,III,0
HD 145934,K,4823.75,5.38,1.75,0.095,[Fe/H],1.355,3.23,1.56,,III,0
HD 1461,G,5765,1.15,1.02,0.19,[Fe/H],0.095,4.38,7.12,1.00918,V,0
HD 147018,G,5441,0.94,0.93,0.1,[Fe/H],-0.148,4.42,6.36,1.67627,V,9
HD 147379,M,4156,0.63,0.6,0.19,[Fe/H],-0.971,4.65,,3.21619,V,1
HD 147513,G,5883,0.98,1.11,0.06,[Fe/H],-0.01,4.51,0.3,1.65719,V,3
HD 14787,G,4946,5.01,1.43,0,[M/H],1.115,3.23,,,IV,5
HD 147873,G,5972,2.29,1.38,0.03,[Fe/H],0.777,3.86,4,0.11307,V,1
HD 148156,G,6308,1.21,1.22,0.29,[Fe/H],0.25,4.56,,0.73063,V,0
HD 148164,F,6032,1.34,1.21,0.24,[Fe/H],0.33,4.16,2.41,0.50654,V,8
HD 148427,K,5025,3.86,1.64,0.08,[Fe/H],0.78,3.48,2.5,,III,0
HD 149026,G,6179,1.41,1.42,0.32,[Fe/H],0.48,4.37,2.6,0.72,V,0
HD 149143,G,5856,1.44,1.2,0.29,[Fe/H],0.35,4.25,4.28,0.28619,IV,0
HD 1502,K,4947,4.67,1.46,0.09,[Fe/H],1.064,3.18,2.4,,III,0
HD 150706,G,5961,0.96,1.17,-0.01,[Fe/H],0.032,4.5,3,1.65625,V,0
HD 152079,G,5907,1.13,1.15,0.29,[Fe/H],0.107,4.37,1.622,0.89128,V,6
HD 152581,K,5027,5.14,1.3,-0.46,[Fe/H],1.173,3.29,12,,III,0
HD 152843,G,6310,1.43,1.15,-0.16,[Fe/H],0.45,4.19,3.97,0.568,V,0
HD 15337,K,5125,0.86,0.9,0.15,[Fe/H],-0.326,4.53,5.1,2.07949,V,1
HD 153950,F,6124,1.28,1.25,-0.01,[Fe/H],0.346,4.32,4.3,0.61762,V,8
HD 154345,G,5468,0.85,0.71,-0.11,[Fe/H],-0.219,4.43,9.527,2.03569,V,8
HD 154672,G,5743,1.32,1.18,0.25,[Fe/H],0.257,4.27,8,0.57949,IV,3
HD 154857,G,5589,2.3,1.96,-0.22,[Fe/H],0.663,4.01,5.64,0.11859,V,5
HD 155193,F,6239,1.76,1.22,0.05,[Fe/H],0.641,4.26,,0.31571,IV,8
HD 155233,K,4960,5.03,1.69,0.08,[Fe/H],1.129,3.17,,,III,1
HD 155358,G,5905,1.38,1.15,-0.6,[Fe/H],0.299,4.22,10.7,0.62377,V,0
HD 156279,G,5453,0.95,0.95,0.14,[Fe/H],-0.146,4.46,4.1,1.49285,V,6
HD 156411,F,5900,2.16,1.25,-0.12,[Fe/H],0.731,4.07,4.28,0.11979,IV-V,8
HD 156668,K,4850,0.72,0.77,0.05,[Fe/H],0.23,4.6,8.6,2.53285,V,2
HD 156846,G,6090,1.9,1.38,0.15,[Fe/H],0.697,4.02,2.4,0.20369,V,0
HD 158038,K,4860,4.5,1.3,0.19,[Fe/H],1.076,3.24,2.5,,III,0
HD 158259,G,5801.89,1.21,1.08,,,0.212,4.25,,0.72532,V,0
HD 158996,K,4069,50.3,1.8,-0.2,[Fe/H],3.015,1.4,1.6,,III,5
HD 159243,G,6123,1.12,1.12,0.05,[Fe/H],0.114,4.55,1.25,1.17388,V,0
HD 159868,G,5534,2.13,1.19,-0.08,[Fe/H],0.556,3.92,7.57,0.15582,V,5
HD 1605,K,4915,3.49,1.33,0.22,[Fe/H],0.81,3.4,4.36,,IV,1
HD 160691,G,5807,1.38,1.08,0.302,[M/H],0.278,4.37,6.4,0.55473,V,5
HD 16141,G,5757,1.48,1.11,0.13,[Fe/H],0.366,4.14,7.51,0.41293,IV,5
HD 16175,G,5981,1.72,1.63,0.3,[Fe/H],0.508,4.18,3.3,0.23958,V,0
HD 162020,K,4723,0.75,0.42,-0.1,[Fe/H],-0.602,4.31,6,2.6454,V,3
HD 163607,G,5522,1.76,1.12,0.21,[Fe/H],0.42,3.97,8.6,0.24793,IV-V,5
HD 16417,G,5841,1.64,1.2,0.06,[Fe/H],0.443,4.16,7,0.35078,V,1
HD 164509,G,5859,1.11,1.12,0.2,[Fe/H],0.12,4.44,2.32,1.01495,V,5
HD 164595,G,5790,1.02,0.99,-0.04,[Fe/H],0.017,4.44,7.12,1.34121,V,2
HD 164604,K,4684,0.77,0.77,-0.18,[Fe/H],-0.588,4.62,,2.96799,V,3
HD 164922,G,5390,0.95,0.93,0.18,[Fe/H],-0.149,4.46,9.58,1.32024,V,9
HD 165155,G,5426,0.95,1.02,0.09,[Fe/H],-0.155,4.49,11,1.75673,V,8
HD 1666,F,6317,1.93,1.5,0.37,[Fe/H],0.73,4.06,1.76,0.18152,V,7
HD 166724,K,5127,0.8,0.81,-0.09,[Fe/H],-0.509,4.43,4,2.4215,IV-V,0
HD 167042,K,5010,4.3,1.72,0.05,[Fe/H],1.023,3.29,2.2,,IV,1
HD 168009,G,5778.33,1.21,0.99,0.018,[Fe/H],0.15,4.27,9.68,0.90712,V,2
HD 168443,G,5491,1.51,0.99,0.04,[Fe/H],0.382,4.07,11.08,0.29172,V,5
HD 168746,G,5570,1.09,1.07,-0.08,[Fe/H],0.041,4.39,8,1.08973,V,5
HD 1690,K,4374,21.66,1.86,-0.27,[Fe/H],1.52,2.04,6.7,,III,1
HD 169830,F,6299,1.94,1.4,0.21,[Fe/H],0.662,4.1,2.8,0.21453,V,8
HD 170469,G,5842,1.24,1.1,0.29,[Fe/H],0.204,4.3,6.7,0.69157,IV,5
HD 17092,K,4326,13.58,6.73,0.18,[Fe/H],1.756,3,2.6,,III,0
HD 171028,G,5671,2.47,1.53,-0.48,[Fe/H],0.733,3.84,8.59,0.08728,V,0
HD 171238,G,5440,1.01,0.96,0.2,[Fe/H],-0.09,4.43,7.56,1.73124,V,8
HD 17156,G,6040,1.55,1.41,0.19,[Fe/H],0.39,4.2,3.37,0.53,IV-V,5
HD 173416,G,4683,13.5,2,-0.22,[Fe/H],1.892,2.48,1.73,,III,8
HD 175167,G,5635,1.75,1.37,0.28,[Fe/H],0.456,4.09,,0.25773,IV-V,5
HD 175541,G,5013,4.19,1.39,-0.07,[Fe/H],0.934,3.33,1.9,,IV,8
HD 175607,G,5392,0.7,0.71,-0.62,[Fe/H],-0.271,4.64,10.32,2.22215,V,6
HD 17674,G,5904,1.18,0.98,-0.16,[Fe/H],0.205,4.34,8.4,0.85881,V,0
HD 176986,K,4931,0.78,0.79,0.03,[Fe/H],-0.48,4.44,4.3,2.29582,V,2
HD 177565,G,5627,0.97,1,0.081,[M/H],-0.054,4.39,6.88,1.46777,V,8
HD 177830,K,4901,3.26,1.7,0.42,[Fe/H],0.685,3.64,4.4,,III,0
HD 178911 B,G,5588,1.08,1.24,0.24,[Fe/H],-0.043,4.46,,1.28618,V,5
HD 179079,G,5646,1.63,1.14,0.24,[Fe/H],0.38,4.16,6.99,0.2585,IV,5
HD 179949,F,6168,1.27,1.21,0.137,[Fe/H],0.301,4.34,1,0.85977,V,8
HD 180053,K,5131,4.06,1.75,0.25,[M/H],1.099,3.54,,,IV,0
HD 18015,G,5603,3.13,1.49,-0.081,[M/H],0.974,3.64,,,IV,6
HD 180314,K,4924,8.13,2.2,0.14,[Fe/H],1.643,2.96,1.295,,III,0
HD 180617,M,3534,0.48,0.48,-0.04,[Fe/H],-1.49,4.9,,6.27869,V,2.5
HD 180902,K,4961,4.16,1.41,0.04,[Fe/H],0.973,3.36,2.8,,III,0
HD 181234,G,5386,1.05,1.01,0.32,[Fe/H],-0.099,4.25,6.32,1.26775,V,5
HD 181342,K,4945,4.71,1.69,0.26,[Fe/H],1.079,3.28,1.8,,III,0
HD 181433,K,4918,0.79,0.63,0.38,[Fe/H],-0.456,4.45,2,2.14212,IV,3
HD 181720,G,5736,1.5,1.03,-0.62,[Fe/H],0.288,4.09,,0.42706,V,1
HD 183263,G,5948,1.23,1.31,0.29,[Fe/H],0.25,4.37,8.13,0.69443,IV,2
HD 183579,G,5788,0.98,1.03,-0.023,[Fe/H],0.012,4.5,2.6,1.53,V,5
HD 185269,G,5923,2,1.3,0.11,[Fe/H],0.694,3.92,4,0.16236,IV,0
HD 187085,G,6117,1.27,1.19,0.12,[Fe/H],0.4,4.28,2.747,0.6538,V,0
HD 187123,G,5790,1.15,1.04,0.09,[M/H],0.127,4.33,7.4,0.96299,V,3
HD 18742,G,4940,5.13,1.36,-0.04,[Fe/H],1.143,3.09,2.3,,IV,8
HD 188015,G,5746,1.13,1.09,0.289,[Fe/H],0.059,4.45,6.61,1.12887,IV,5
HD 189733,K,5052,0.75,0.79,-0.02,[Fe/H],-0.461,4.49,1.4,2.65,V,0
HD 190007,K,4610,0.79,0.77,0.16,[Fe/H],-0.68,4.58,1,3.25324,V,3
HD 190360,G,5552,1.14,0.99,0.24,[Fe/H],0.066,4.32,8.5,0.867,IV,6
HD 190647,G,5656,1.38,1.07,0.23,[Fe/H],0.297,4.16,7.957,0.41818,V,5
HD 190984,F,5988,1.53,0.91,-0.48,[Fe/H],0.43,4.02,,0.12614,V,8
HD 191806,K,6010,1.4,1.14,0.3,[Fe/H],0.348,4.45,2.9,0.54607,V,0
HD 191939,G,5427,0.94,0.92,-0.16,[M/H],-0.161,4.4,7,1.55,V,8
HD 192263,K,4976,0.74,0.66,0.03,[Fe/H],-0.47,4.51,2.09,2.5391,V,0
HD 192310,K,5166,0.86,0.8,-0.04,[Fe/H],-0.415,4.51,7.81,2.1457,V,3
HD 192699,G,5041,4.41,1.38,-0.15,[Fe/H],1.009,3.25,1.8,,IV,8
HD 195019,G,5751,1.48,1.21,0.05,[Fe/H],0.333,4.18,3.2,0.44916,IV-V,3
HD 196050,G,5879,1.42,1.31,0.21,[Fe/H],0.26,4.25,1.6,0.52347,V,4
HD 196067,G,6017,1.73,1.29,0.18,[Fe/H],0.572,4.24,3.3,0.31274,V,1
HD 196885 A,F,6254,1.31,1.28,0.22,[Fe/H],0.38,4.31,3.12,0.56805,V,8
HD 197037,F,6150,1.1,1.11,-0.2,[Fe/H],0.239,4.4,1.9,1.03864,V,7
HD 19994,F,6188,1.8,1.36,0.27,[Fe/H],0.58,4.29,2.4,0.27721,V,8
HD 20003,G,5494,0.92,0.88,0.04,[Fe/H],-0.143,4.41,,1.68959,V,8
HD 200964,G,4982,4.92,1.39,-0.15,[Fe/H],1.064,3.22,3,,IV,8
HD 202206,G,5766,1.04,1.07,0.3,[Fe/H],0.035,4.5,2.9,1.24997,V,6
HD 202696,K,5040,6.43,1.91,0.02,[Fe/H],1.369,3.11,1.32,,III,0
HD 203030,G,5603,0.86,0.94,0.3,[Fe/H],-0.227,4.64,0.22,1.97498,V,8
HD 203473,G,5780,1.33,1.12,0.19,[Fe/H],0.25,4.09,5.22,0.42172,V,5
HD 2039,G,5945,1.19,1.23,0.3,[Fe/H],0.194,4.38,6,0.95192,IV-V,2
HD 204313,G,5783,1.1,1.03,0.16,[Fe/H],0.1,4.37,3.38,1.01537,V,5
HD 204941,K,5026,0.78,0.58,-0.19,[Fe/H],-0.509,4.42,6.67,2.35641,V,1
HD 205739,F,6176,1.33,1.22,0.19,[Fe/H],0.36,4.29,2.84,0.67944,V,7
HD 206255,G,5635,2.22,1.42,,,0.652,3.75,,0.12981,IV-V,5
HD 206610,K,4842,6.12,1.55,0.14,[Fe/H],1.276,3.22,3,,III,0
HD 20781,K,5256,0.83,0.7,-0.11,[Fe/H],-0.31,4.37,,1.96197,V,0
HD 20782,G,5782.13,1.13,1.04,-0.054,[M/H],0.107,4.35,5.53,1.02483,V,1
HD 207832,G,5726,0.89,1.05,0.14,[Fe/H],-0.11,4.48,1.36,1.5247,V,5
HD 20794,G,5401,0.92,0.7,-0.4,[Fe/H],-0.163,4.22,5.76,1.70389,V,8
HD 208487,G,6067,1.2,1.13,0.022,[Fe/H],0.244,4.33,8.15,1.04801,V,2
HD 208527,M,4035,51.1,1.6,-0.09,[Fe/H],2.863,1.4,2,,III,1
HD 20868,K,4802,0.76,0.39,0.05,[Fe/H],-0.529,4.26,4.5,2.45251,IV,3
HD 208897,K,4860,4.98,1.25,0.21,[Fe/H],1.09,3.13,,,III,0
HD 209458,G,6091,1.19,1.23,0.01,[Fe/H],0.231,4.45,3.1,1.04,V,0
HD 210193,G,5790,1.06,1.04,0.13,[M/H],0.056,4.43,,1.35404,V,3
HD 210277,G,5538,1.07,1.01,0.22,[Fe/H],-0.032,4.38,12,0.99454,V,0
HD 210702,K,4951,4.92,1.61,0.04,[Fe/H],1.149,3.28,2.1,,III,1
HD 211810,G,5652,1.13,1.03,0.17,[Fe/H],0.07,4.26,,0.77107,V,5
HD 211970,K,4127,0.57,0.61,,,-1.065,4.69,,4.2377,V,7
HD 212301,F,6239,1.16,1.55,0.18,[Fe/H],0.243,4.5,1,1.08321,V,8
HD 212771,G,5003,5.27,1.56,-0.21,[Fe/H],1.188,3.31,6,,IV,8
HD 213240,G,5979,1.51,1.57,0.15,[Fe/H],0.429,4.27,4.6,0.44103,V,0
HD 213885,G,5978,1.1,1.07,-0.04,[Fe/H],0.139,4.38,3.8,1.127,V,
HD 21411,G,5605,0.83,0.89,-0.265,[M/H],-0.266,4.51,,2.40502,V,8
HD 214823,G,5933,2.04,1.31,0.14,[Fe/H],0.67,4.05,4.34,0.15941,IV,0
HD 215152,K,4935,0.73,0.77,-0.1,[Fe/H],-0.523,4.4,,2.39889,V,3
HD 215497,K,5110,0.85,0.67,0.2,[Fe/H],-0.41,4.4,7,1.97785,V,3
HD 216435,G,5999,1.8,1.3,0.244,[Fe/H],0.557,4.15,3,0.28418,V,0
HD 216437,G,5909,1.39,1.17,0.2,[Fe/H],0.35,4.19,4.75,0.45928,IV,2
HD 216520,K,5103,0.76,0.82,-0.16,[Fe/H],-0.452,4.54,6,2.39462,V,2
HD 216536,K,4639,9.83,0.81,-0.17,[Fe/H],1.8,2.36,3.8,,IV,0
HD 216770,G,5399,0.93,0.74,0.27,[Fe/H],-0.1,4.37,3.1,1.48999,V,9
HD 21693,G,5430,0.91,0.8,0,[Fe/H],-0.208,4.37,,1.70311,V,8
HD 217107,G,5622,1.11,1,0.36,[Fe/H],0.098,4.34,5.84,0.80093,IV,8
HD 217786,F,5966,1.27,1.02,-0.135,[Fe/H],0.276,4.35,7.6,0.77578,V,8
HD 217850,G,5544,1.21,1.03,0.26,[Fe/H],0.1,4.17,7.59,0.56721,V,8
HD 218566,K,4730,0.85,0.76,0.28,[Fe/H],-0.452,4.46,8.5,2.02846,V,3
HD 219077,G,5362,1.91,1.05,-0.13,[Fe/H],0.425,4,8.9,0.1703,V,8
HD 219134,K,4699,0.78,0.81,0.11,[Fe/H],-0.577,4.57,11,2.438,V,3
HD 219415,K,4820,2.9,1,-0.04,[Fe/H],0.62,3.51,7.233,,III,0
HD 219828,G,5807,1.61,1.18,0.18,[Fe/H],0.42,4.17,5.69,0.32597,IV,0
HD 220074,M,3787,54.92,2.2,-0.25,[Fe/H],2.894,1.3,4.5,,III,2
HD 220197,G,5683,0.98,0.91,-0.55,[Fe/H],-0.003,4.42,10.165,1.3056,V,5
HD 220689,G,5921,1.07,1.02,-0.07,[Fe/H],0.093,4.36,4.586,0.9754,V,3
HD 220773,F,5940,1.68,1.16,0.09,[Fe/H],0.498,4.24,4.4,0.33411,V,9
HD 220842,F,5960,1.42,1.13,-0.17,[Fe/H],0.357,4.24,,0.51898,V,8
HD 221287,F,6304,1.14,1.25,-0.03,[Fe/H],0.22,4.43,1.3,1.21286,V,7
HD 221416,K,5080,2.94,1.21,-0.08,[Fe/H],0.712,3.58,4.9,0.06702,IV-V,0
HD 221420,G,5830,2,1.67,0.29,[Fe/H],0.603,4.08,,0.20818,IV-V,2
HD 221585,G,5620,1.85,1.19,0.29,[Fe/H],0.422,4.05,6.2,0.216,IV,8
HD 222076,K,4806,4.1,1.07,0.05,[Fe/H],0.929,3.31,,,III,0
HD 222155,G,5701,1.85,1.21,-0.18,[Fe/H],0.509,3.99,8.2,0.24399,V,2
HD 222582,G,5790,1.13,1.12,0.01,[Fe/H],0.115,4.38,10.24,1.00725,V,5
HD 224538,F,6097,1.54,1.34,0.27,[Fe/H],0.47,4.19,2,0.53144,IV-V,9
HD 224693,G,5894,1.93,1.31,0.27,[Fe/H],0.61,4.38,4.12,0.23333,V,2
HD 22781,K,5027,0.74,0.75,-0.37,[Fe/H],-0.476,4.6,4.8,2.83035,V,1
HD 23079,F,5974,1.07,1.12,-0.13,[Fe/H],0.133,4.43,2,1.22361,V,9
HD 23127,G,5843,1.49,1.21,0.29,[Fe/H],0.452,4.15,4.508,0.33294,V,2
HD 231701,F,6101,1.53,1.21,0.05,[Fe/H],0.47,4.31,3.43,0.52688,V,8
HD 233604,K,4791,10.9,1.5,-0.36,[Fe/H],1.75,2.55,2.4,,III,5
HD 233832,G,4981,0.68,0.71,-0.66,[Fe/H],-0.523,4.49,5.417,2.87189,V,0
HD 23472,K,4813,0.73,0.75,-0.19,[M/H],-0.636,4.38,,3.32753,V,3
HD 23596,F,6040,1.53,1.47,0.28,[Fe/H],0.458,4.23,5.68,0.39478,V,8
HD 238090,M,3933,0.57,0.58,-0.03,[Fe/H],-1.154,4.7,,4.05064,V,0
HD 238914,K,4769,12.73,1.47,-0.25,[Fe/H],1.85,2.37,,,III,7
HD 240210,K,4297,25.46,0.82,-0.18,[Fe/H],1.55,2.31,5.085,,III,3
HD 240237,K,3926,71.23,8.76,-0.25,[Fe/H],2.49,1.67,4.42,,III,2
HD 24040,G,5802,1.3,1.11,0.19,[Fe/H],0.276,4.26,6.68,0.55399,V,0
HD 24064,K,4052,40,1.61,-0.49,[Fe/H],2.546,1.44,9,,III,0
HD 24085,G,6034,1.41,1.22,0.17,[M/H],0.377,4.2,,0.5762,V,0
HD 25015,K,5160,0.83,0.86,0.04,[Fe/H],-0.384,4.4,4,2.24688,V,1
HD 25171,F,6125,1.23,1.08,-0.12,[Fe/H],0.276,4.26,4.802,0.94486,V,8
HD 2638,G,5186,0.94,0.77,0.13,[Fe/H],-0.33,4.38,3,1.83521,V,5
HD 26965,K,5072,0.87,0.78,-0.42,[Fe/H],-0.34,4.45,6.9,1.98442,V,0
HD 27442,K,4846,3.18,1.23,0.42,[Fe/H],0.851,3.78,10,,III,1
HD 27631,G,5737,0.92,0.94,-0.12,[Fe/H],-0.056,4.46,4.01,1.1271,IV-V,3
HD 27894,K,4875,0.89,0.8,0.3,[Fe/H],-0.449,4.22,3.9,1.84634,V,2
HD 28185,G,5662,1.03,1.02,0.23,[Fe/H],0.016,4.42,7.5,1.1168,V,5
HD 28254,G,5664,1.48,1.06,0.06,[Fe/H],0.34,4.12,,0.35764,IV-V,1
HD 285507,K,4503,0.69,0.82,0.13,[Fe/H],-0.719,4.67,0.625,1.89557,V,4
HD 285968,M,3703.49,0.48,0.5,-0.1,[Fe/H],-1.658,4.75,3.62,5.92298,V,2
HD 28678,G,4972,6.48,1.53,-0.11,[Fe/H],1.36,3.06,1.8,,IV,8
HD 29021,G,5560,0.85,0.85,-0.24,[Fe/H],-0.174,4.44,7.4,1.992,V,5
HD 290327,G,5505,0.95,0.84,-0.14,[Fe/H],-0.14,4.41,,1.65313,V,8
HD 2952,K,4844,10.76,1.97,0,[Fe/H],1.85,2.67,,,III,0
HD 30177,G,5607,1.02,1.05,0.39,[Fe/H],0.083,4.42,2.525,0.81457,V,8
HD 30562,F,5882,1.61,1.12,0.2,[Fe/H],0.45,4.07,3.6,0.34122,V,8
HD 30669,G,5400,0.91,0.92,0.13,[Fe/H],-0.146,4.37,4.8,1.53008,V,9
HD 30856,K,4895,4.4,1.17,-0.06,[Fe/H],0.996,3.2,3.8,,III,0
HD 31253,F,6130,1.75,1.7,0.17,[Fe/H],0.517,4.18,3,0.25572,V,8
HD 31527,G,5898,1.07,0.96,-0.17,[Fe/H],0.079,4.45,,1.20634,V,2
HD 3167,K,5528,0.87,0.94,-0.02,[Fe/H],-0.262,4.53,,1.902,V,0
HD 32518,K,4580,10.22,1.13,-0.15,[Fe/H],1.666,2.1,5.83,,III,1
HD 32963,G,5727,1.11,0.94,0.11,[Fe/H],0.064,4.41,4.99,1.12694,V,5
HD 330075,K,5000,0.84,0.47,0.05,[Fe/H],-0.33,4.26,6.2,2.01681,V,1
HD 331093,K,5544,1.11,1.03,0.17,[Fe/H],0.006,4.2,,0.98643,V,0
HD 33142,K,4978,4.45,1.41,0.05,[Fe/H],1.021,3.4,3,,III,0
HD 332231,F,6089,1.28,1.13,0.036,[Fe/H],0.305,4.28,4.3,0.766,V,8
HD 33283,G,5935,1.97,1.38,0.35,[Fe/H],0.64,4.12,3.63,0.2145,V,3
HD 33564,F,6250,1.44,1.25,-0.12,[Fe/H],0.535,4,3,0.57173,V,6
HD 33844,K,4861,5.39,1.84,0.27,[Fe/H],1.149,3.24,1.88,,III,0
HD 34445,G,5879,1.38,1.14,0.18,[Fe/H],0.303,4.21,8.5,0.4672,V,0
HD 35759,G,6060,1.76,1.15,0.04,[Fe/H],0.537,4.24,,0.31131,V,0
HD 3651,K,5221,0.87,0.8,0.145,[M/H],-0.274,4.45,3,1.90532,V,0
HD 37124,G,5698.64,0.95,0.85,-0.44,[Fe/H],-0.112,4.39,4,1.71312,V,4
HD 37605,K,5329,0.91,0.94,0.27,[Fe/H],-0.22,4.51,5.65,1.36793,V,0
HD 3765,K,5049.8,0.83,0.85,0.172,[Fe/H],-0.416,4.53,2,2.33565,V,2
HD 38283,F,5981,1.49,1.37,-0.18,[Fe/H],0.411,4.23,6.2,0.46608,V,9
HD 38529,G,5541,2.56,1.41,0.51,[Fe/H],0.834,3.77,3.09,0.06063,IV,4
HD 38801,K,5338,2.03,1.21,0.25,[Fe/H],0.659,3.88,6.072,,V,0
HD 39091,G,6037,1.1,1.09,0.08,[Fe/H],0.16,4.42,2.98,1.148,V,0
HD 39855,G,5576,0.74,0.87,,,-0.316,4.66,,3.1307,V,8
HD 40307,K,4956,0.72,0.77,-0.31,[Fe/H],-0.639,4.47,4.5,3.02559,V,2
HD 40956,K,4869,8.56,2,0.14,[Fe/H],1.664,3.02,1.35,,III,0
HD 40979,F,6165,1.21,1.45,0.2,[Fe/H],0.291,4.43,3.56,0.86779,V,8
HD 41004 A,K,5310,0.85,0.95,0.23,[Fe/H],-0.293,4.37,1,,V,1
HD 41004 B,M,5036,1.04,0.4,,,-0.202,4.33,,1.04864,V,2
HD 4113,G,5688,1.08,0.99,0.2,[Fe/H],0.086,4.4,6.4,1.10439,V,5
HD 42012,K,5405,0.82,0.83,-0.09,[Fe/H],-0.27,4.45,4.1,2.20144,V,0
HD 4203,G,5596,1.42,1.25,0.4,[Fe/H],0.293,4.23,8.52,0.41525,V,5
HD 4208,G,5717,0.85,0.88,-0.28,[Fe/H],-0.1,4.5,3.813,1.73372,V,7
HD 42618,G,5727,1,1.01,-0.09,[Fe/H],-0.009,4.44,3.72,1.57325,V,4
HD 4308,G,5686,1.02,0.93,-0.35,[Fe/H],-0.004,4.39,4.3,1.23938,V,5
HD 4313,G,4943,5.14,1.63,0.14,[Fe/H],1.149,3.24,2,,IV,5
HD 43197,G,5508,1,0.96,0.4,[Fe/H],-0.137,4.31,,1.11963,V,8
HD 43691,G,6093,1.6,1.32,0.33,[Fe/H],0.5,4.28,2.39,0.30873,V,0
HD 44219,G,5752,1.32,1,0.03,[Fe/H],0.26,4.21,,0.50056,V,2
HD 45184,G,5869,1.08,1.03,0.04,[Fe/H],0.053,4.47,6.8,1.28221,V,1
HD 45350,G,5566,1.26,0.98,0.23,[M/H],0.141,4.23,8,0.68347,V,5
HD 45364,K,5434,0.89,0.82,-0.17,[Fe/H],-0.244,4.38,,1.83641,V,0
HD 45652,G,5294,0.94,0.92,0.26,[Fe/H],-0.2,4.2,8.4,1.46107,IV,8
HD 46375,K,5285,0.91,0.92,0.24,[Fe/H],-0.245,4.53,9,1.64032,IV-V,1
HD 47186,G,5657,1.08,0.96,0.24,[Fe/H],0.043,4.36,6.5,1.05709,V,6
HD 4732,K,4959,5.4,1.74,0.01,[Fe/H],1.19,3.16,1.47,,IV,0
HD 47366,K,4914,6.2,2.19,-0.07,[Fe/H],1.389,3.1,0.94,,III,1
HD 47536,K,4380,23.47,2.1,-0.65,[Fe/H],2.248,2.13,10.15,,III,1
HD 4760,K,4076,42.4,1.05,-0.91,[Fe/H],2.93,1.62,,,III,2
HD 48265,G,5733,1.9,1.31,0.3,[Fe/H],0.584,3.97,4.201,0.16653,IV-V,5
HD 4917,K,4802,5.01,1.32,0.18,[M/H],1.456,2.97,,,III,0
HD 49674,G,5602,1.02,1.03,0.32,[Fe/H],-0.022,4.44,3.62,1.23163,V,5
HD 50499,G,6102,1.35,1.25,0.26,[Fe/H],0.376,4.25,2.391,0.50998,V,1
HD 50554,F,5987,1.02,1.04,-0.04,[Fe/H],0.143,4.33,2.16,1.08476,V,8
HD 51608,G,5358,0.92,0.8,-0.07,[Fe/H],-0.244,4.36,,1.69811,V,7
HD 52265,G,6136,1.32,1.2,0.21,[Fe/H],0.297,4.36,3.5,0.57144,V,0
HD 5278,F,6203,1.19,1.13,-0.12,[Fe/H],0.28,4.5,3,0.9319,V,
HD 5319,G,4871,4.06,1.27,0.15,[Fe/H],0.15,3.26,3.1,,III,5
HD 55696,G,6012,1.52,1.29,0.37,[Fe/H],0.43,4.03,2.64,0.3247,V,0
HD 5608,K,4877,5.14,1.53,0.14,[Fe/H],1.179,3.19,1.72,,IV,0
HD 564,G,5902,1.01,0.96,-0.2,[Fe/H],0.019,4.53,5.5,1.87015,V,2
HD 5891,G,4673,10.64,1.93,-0.37,[Fe/H],1.595,2.67,1.5,,III,5
HD 59686 A,K,4658,13.2,1.9,0.15,[Fe/H],1.822,2.49,1.73,,III,2
HD 60292,K,4348,27,1.7,-0.17,[Fe/H],2.394,1.9,1.8,,III,0
HD 60532,F,6245,2.57,1.5,-0.26,[Fe/H],1.001,3.8,2.8,0.09257,IV,6
HD 62509,K,4892.63,8.9,2,0.103,[M/H],1.612,2.78,0.98,,III,0
HD 63433,G,5640,0.91,0.99,0.017,[M/H],-0.123,4.53,0.414,1.823,IV,5
HD 63454,K,4812,0.77,0.42,0.1,[Fe/H],-0.592,4.28,1,2.36205,V,4
HD 63765,G,5449,0.83,0.65,-0.16,[Fe/H],-0.256,4.41,4.77,2.26279,V,9
HD 64114,G,5676,0.88,0.95,,,-0.137,4.52,,1.86653,V,7
HD 6434,G,5769,1.12,1.1,-0.55,[Fe/H],0.05,4.38,11.27,1.03725,V,2
HD 65216,G,5612,0.88,0.87,-0.168,[M/H],-0.15,4.44,4,2.02264,V,5
HD 66141,K,4323,21.4,1.1,-0.323,[Fe/H],2.24,1.78,6.84,,III,2
HD 66428,G,5773,1.1,1.08,0.23,[Fe/H],0.096,4.36,3.515,0.91809,IV,8
HD 67087,F,6330,1.55,1.36,0.25,[Fe/H],0.54,4.19,1.45,0.63218,V,8
HD 6718,G,5801,0.95,1.08,-0.03,[Fe/H],0.053,4.51,,1.46629,V,5
HD 68402,G,5950,1.02,1.12,0.29,[Fe/H],0.068,4.47,2,1.15978,IV-V,5
HD 68988,G,5932,1.19,1.28,0.35,[Fe/H],0.222,4.4,6,0.77119,V,2
HD 69830,K,5385,0.89,0.86,-0.05,[Fe/H],-0.22,4.49,7,1.83,V,0
HD 70573,G,5737,0.98,1,-0.18,[Fe/H],-0.001,4.59,0.102,1.65157,V,1
HD 70642,G,5732,0.98,1.08,0.22,[Fe/H],0.012,4.46,0.919,1.23591,V,5
HD 7199,K,5371,0.97,0.77,0.32,[Fe/H],-0.155,4.35,6.79,1.33716,IV,1
HD 72490,G,4934,4.96,1.21,-0.13,[M/H],1.091,3.21,,,IV,5
HD 72659,G,5932,1.46,1.43,-0.02,[Fe/H],0.374,4.27,6.5,0.50332,V,2
HD 72892,G,5688,1.22,1.02,0.25,[Fe/H],0.146,4.27,8,0.90727,V,5
HD 73267,G,5387,0.91,0.9,0.07,[Fe/H],-0.106,4.45,8.14,1.60129,V,5
HD 73526,G,5601,1.53,1.14,0.22,[Fe/H],0.338,4.12,9.2,0.33748,V,6
HD 73534,G,4917,2.58,1.16,0.232,[Fe/H],0.522,3.6,7.04,,V,5
HD 74156,G,6068,1.51,1.24,0.11,[Fe/H],0.401,4.14,3.7,0.47904,IV,0
HD 7449,F,6024,0.97,1.05,-0.105,[M/H],0.101,4.51,2.1,1.45002,V,9
HD 75289,G,6117,1.23,1.29,0.26,[Fe/H],0.312,4.37,5.6,0.71252,IV,0
HD 75784,G,4867,3.4,1.26,0.25,[Fe/H],0.756,3.46,4,,III,5
HD 75898,G,5963,1.58,1.26,0.28,[Fe/H],0.46,4.21,3.56,0.33922,IV-V,0
HD 76700,G,5644,1.37,0.99,0.31,[Fe/H],0.257,4.16,11,0.5038,V,6
HD 76920,K,4698,7.47,1.17,-0.11,[Fe/H],1.38,2.94,7.1,,III,1
HD 77338,K,5341,0.97,1.37,0.32,[Fe/H],-0.26,4.6,,1.46086,IV,0
HD 7924,K,5131,0.78,0.65,-0.21,[Fe/H],-0.406,4.46,0.88,2.47756,V,0
HD 79498,G,5748,1.05,1.08,0.18,[Fe/H],0.03,4.37,2.71,1.00985,V,5
HD 80606,G,5561,1.04,1.15,0.35,[Fe/H],-0.002,4.42,5.9,1.45,V,5
HD 80653,G,6080,1.22,1.18,,,0.24,4.34,2.67,0.9,V,2
HD 81040,G,5755,0.91,1.05,-0.03,[Fe/H],-0.076,4.54,0.73,1.88323,IV,2
HD 81688,G,4753,13,2.1,-0.359,[Fe/H],1.857,2.22,1.48,,IV-V,5
HD 81817,K,4140,83.8,4.3,-0.17,[Fe/H],3.261,1.3,0.15,,III,3
HD 82886,G,4953,5.26,2.53,-0.31,[Fe/H],1.143,3.4,7,,IV,0
HD 82943,G,5935,1.18,1.08,0.26,[M/H],0.194,4.33,2.35,0.92061,V,2
HD 8326,K,4914,0.78,0.8,0.04,[M/H],-0.492,4.55,,2.31959,V,2
HD 83443,K,5442,0.94,0.79,0.35,[Fe/H],-0.102,4.39,3.2,1.32072,V,0
HD 8535,G,6136,1.19,1.13,0.06,[Fe/H],0.333,4.46,,0.80938,V,0
HD 85390,K,5186,0.8,0.76,-0.07,[Fe/H],-0.367,4.41,7.2,2.21458,V,1
HD 85512,K,4300,0.71,0.43,-0.26,[Fe/H],-0.775,4.36,5.61,2.92932,V,5
HD 8574,F,6064,1.38,1.34,0.01,[Fe/H],0.376,4.28,5.6,0.5598,V,8
HD 86081,F,5939,1.46,1.21,0.22,[Fe/H],0.38,4.18,3.61,0.35125,V,8
HD 86226,G,5863,1.05,1.02,0.018,[Fe/H],0.072,4.4,4.6,1.233,V,1
HD 86264,F,6210,1.88,1.42,0.202,[Fe/H],0.66,4.02,2.24,0.38025,V,7
HD 8673,F,6389.05,1.5,1.28,0.147,[M/H],0.53,4.19,,0.53229,V,5
HD 86950,K,4805,8.8,1.66,0.04,[Fe/H],1.56,2.66,,,III,1
HD 87646,G,5770,1.55,1.12,-0.17,[Fe/H],0.96,4.1,,,V,
HD 87883,K,4915,0.79,0.66,0.05,[Fe/H],-0.498,4.47,9.8,2.22751,V,0
HD 88133,G,5392,2.2,1.26,0.34,[Fe/H],0.497,3.88,5.37,0.15836,V,5
HD 89307,G,5955,1.1,1.27,-0.13,[Fe/H],0.131,4.46,2.31,1.17883,V,0
HD 89345,G,5576,1.75,1.16,0.421,[Fe/H],0.425,4.02,7.53,0.305,V,5
HD 89744,F,6291,2.13,1.86,0.224,[M/H],0.796,4.07,1.88,0.17589,V,7
HD 90156,G,5599,0.92,0.84,-0.24,[Fe/H],-0.143,4.48,4.4,1.95613,V,5
HD 9174,G,5577,1.67,1.03,0.39,[Fe/H],0.382,4.03,9,0.28402,IV,8
HD 92788,G,5744,1.14,1.15,0.27,[Fe/H],0.02,4.39,2.55,0.95143,V,6
HD 92987,G,5770,1.58,1.08,-0.08,[Fe/H],0.406,4,7.75,0.36375,V,2
HD 93083,K,4995,0.85,0.7,0.15,[Fe/H],-0.387,4.26,1,2.04813,V,3
HD 9446,G,5793,1,1,0.09,[Fe/H],0.041,4.53,,1.51723,V,5
HD 94834,K,4798,4.2,1.11,0.12,[M/H],0.993,3.22,,,III,0
HD 95086,A,7595,1.49,1.6,0.14,[Fe/H],0.821,4.34,0.017,0.75944,III,8
HD 95089,G,4918,5.08,1.54,0.05,[Fe/H],1.13,3.24,2.5,,IV,8
HD 95127,K,4218,41.01,3.7,-0.18,[Fe/H],2.28,1.78,5.5,,III,0
HD 95338,K,5212,0.87,0.83,0.04,[Fe/H],-0.31,4.54,5.08,1.68654,V,0
HD 95872,K,5312,0.84,0.7,0.41,[Fe/H],-0.242,4.43,10,1.52053,V,0
HD 96063,G,5020,4.75,1.37,-0.3,[Fe/H],1.104,3.33,9,,V,6
HD 96127,K,3943,51.1,10.94,-0.24,[Fe/H],2.86,2.06,4.067,,III,2
HD 96167,G,5733,1.94,1.27,0.34,[Fe/H],0.57,3.99,4.85,0.19703,V,5
HD 96992,K,4725,7.43,0.96,-0.45,[Fe/H],1.47,2.76,,,III,0
HD 97048,B,10000,2.25,2.4,,,1.602,4.14,0.003,0.3025,V,9
HD 97658,K,5175,0.74,0.89,-0.3,[Fe/H],-0.434,4.49,6,3.06,V,1
HD 98219,K,4925,4.6,1.41,-0.02,[Fe/H],1.049,3.36,4,,III,0
HD 98649,G,5790,1.01,1.03,0.05,[Fe/H],-0.066,4.51,2.42,1.37018,V,3
HD 98736,G,5271,0.93,0.92,0.36,[Fe/H],-0.22,4.47,7.39,1.64899,V,5
HD 99109,G,5282,0.98,0.76,0.35,[Fe/H],-0.172,4.34,1,1.31503,IV,8
HD 99492,K,4815,0.83,0.48,0.24,[Fe/H],-0.475,4.28,4.8,2.83673,V,2
HD 99706,K,4862,5.52,1.46,0.14,[Fe/H],1.188,3.09,2.1,,IV,0
HIP 105854,K,4780,10.31,2.1,0.31,[Fe/H],1.67,2.94,,,III,2
HIP 107772,M,4006,0.51,0.63,,,-1.163,4.73,,4.9491,V,0
HIP 107773,K,4945,11.6,2.42,0.03,[Fe/H],1.87,2.6,,,III,1
HIP 109384,G,5180,0.83,0.78,-0.26,[Fe/H],-0.319,4.43,,2.23381,V,5
HIP 109600,G,5530,0.97,0.87,-0.12,[Fe/H],-0.079,4.45,,1.4544,V,5
HIP 114933,K,4823,5.27,1.39,0.06,[Fe/H],1.14,2.99,3.4,,III,0
HIP 116454,K,5089,0.72,0.81,-0.16,[Fe/H],-0.471,4.59,2,3,V,1
HIP 12961,M,3901,0.65,0.69,-0.14,[Fe/H],-1.003,4.65,,3.02935,V,0
HIP 14810,G,5544,1.07,1.01,0.24,[Fe/H],-0.01,4.32,5.84,1.27778,V,5
HIP 35173,K,4881,0.77,0.79,,,-0.514,4.52,,2.11071,V,2
HIP 38594,M,4086.3,0.63,0.61,,,-1.062,4.63,,3.49087,V,0
HIP 41378,F,6226,1.34,1.17,-0.11,[Fe/H],0.396,4.18,4.279,0.68,V,6
HIP 4845,K,4010,0.6,0.62,,,-1.034,4.62,,3.27404,V,7
HIP 48714,M,4015.5,0.6,0.58,,,-1.156,4.66,,3.90213,V,0
HIP 54373,K,4021,0.56,0.57,,,-1.222,4.68,,4.36601,V,5
HIP 56640,K,4769,4.93,1.04,-0.03,[Fe/H],1.05,2.91,9.15,,III,1
HIP 57274,K,4510,0.78,0.29,0.01,[Fe/H],0.19,4.11,7.87,1.96681,V,4
HIP 63242,G,4830,10.28,1.54,-0.31,[Fe/H],1.63,2.53,,,III,8
HIP 65 A,K,4590,0.72,0.78,0.18,[Fe/H],-0.678,4.61,4.1,2.898,V,4
HIP 65407,K,5460,0.95,0.93,0.25,[Fe/H],-0.186,4.47,,1.57198,V,0
HIP 65426,A,8840,1.77,1.96,,,1.269,4.32,0.014,0.62073,V,2
HIP 65891,K,5000,8.93,2.5,0.16,[Fe/H],1.65,2.9,,,III,0
HIP 67522,G,5675,1.38,1.22,0,,0.243,4.2,0.017,0.65,V,1
HIP 67537,K,4985,8.69,2.41,0.15,[Fe/H],1.617,2.85,,,III,1
HIP 67851,K,4890,5.92,1.63,0,[Fe/H],1.244,3.15,,,III,0
HIP 70849,K,4105,0.63,0.63,,,-1.048,4.62,3,3.41279,V,7
HIP 71135,M,4146,0.68,0.66,,,-0.908,4.54,,2.52341,V,1
HIP 74890,K,4850,5.77,1.74,0.2,[Fe/H],1.215,3.1,,,III,1
HIP 75092,K,4891,4.53,1.28,-0.01,[Fe/H],1.02,3.09,4.3,,III,0
HIP 78530,B,10500,2.11,2.5,-0.5,[Fe/H],1.368,4.13,0.005,0.32956,V,9
HIP 79431,M,3420,0.48,0.48,,,-1.549,4.76,,6.12742,V,3
HIP 8541,K,4670,7.83,1.17,-0.15,[Fe/H],1.405,2.7,,,III,2
HIP 90988,K,4883,3.94,1.3,0.17,[Fe/H],0.89,3.32,4.55,,III,1
HIP 91258,G,5519,0.89,0.97,0.23,[Fe/H],-0.222,4.53,2.4,1.91925,V,5
HIP 97233,K,5020,5.34,1.93,0.29,[Fe/H],1.204,3.26,,,III,0
HN Peg,G,5927.14,1.01,1.08,-0.036,[M/H],0.055,4.46,3.1,1.47538,V,0
HR 2562,F,6785,1.47,1.3,0.02,[M/H],0.531,4.4,0.6,0.70259,V,5
HR 5183,G,5794,1.53,1.07,0.1,[Fe/H],0.397,4.02,7.7,0.43147,V,0
HR 810,G,6167,1.13,1.34,0.16,[Fe/H],0.253,4.46,2.72,1.0501,V,0
HR 858,F,6201,1.31,1.15,-0.14,[Fe/H],0.371,4.26,,0.717,V,6
HR 8799,A,7204.58,1.49,1.61,-0.65,[Fe/H],0.733,4.3,0.03,0.68153,IV,5
iot Dra,K,4548,12.57,1.05,0.29,[Fe/H],1.82,2.6,,,III,2
K2-10,F,5620,0.98,0.92,-0.07,[Fe/H],-0.101,4.5,,1.38,V,9
K2-100,G,6168,1.22,1.23,0.26,[Fe/H],0.25,4.35,0.79,3.217,V,0
K2-101,K,4819,0.73,0.8,0.14,[Fe/H],-0.595,4.51,0.79,2.92,V,3
K2-102,K,4695,0.71,0.77,0.14,[Fe/H],-0.657,4.53,0.79,3.03,V,5
K2-104,M,3546.46,0.49,0.43,0.14,[Fe/H],-1.434,4.74,0.79,5.56106,V,2.5
K2-105,K,5464,0.91,0.99,0.25,[Fe/H],-0.189,4.51,0.6,1.541,V,1
K2-107,F,6061,1.81,1.3,0.14,[Fe/H],0.464,4.04,4.25,0.457,IV,9
K2-11,G,5433,5.15,1.35,-0.12,[Fe/H],-0.31,4.56,,2.11399,IV,8
K2-110,K,4950,0.71,0.75,-0.21,[Fe/H],-0.567,4.61,8,3.515,V,3
K2-111,G,5775,1.25,0.84,-0.46,[Fe/H],0.279,4.25,12.3,0.6,V,2
K2-113,G,5660,1.24,1.04,0.27,[Fe/H],0.009,4.27,5.9,0.987,V,
K2-115,G,5657,0.88,0.95,-0.1,[Fe/H],-0.145,4.53,10.7,2.663,V,4
K2-117,M,3778,0.51,0.54,-0.05,[Fe/H],-1.357,4.75,,5.297,V,1
K2-12,F,5800,1.01,1.01,0.03,[Fe/H],0.072,4.3,,0.84625,V,9
K2-122,M,4027,0.6,0.62,0.06,[Fe/H],-1.102,4.68,,6.939,V,0
K2-13,G,5698,0.78,0.8,-0.54,[Fe/H],-0.135,4.33,,1.72012,V,3
K2-133,M,3655,0.46,0.46,,,-1.479,4.77,,6.6302,V,1.5
K2-136,K,4499,0.66,0.74,0.15,[Fe/H],-0.788,4.66,0.688,3.52,V,5
K2-137,M,3492,0.44,0.46,0.08,[Fe/H],-1.484,4.82,,13,V,3
K2-138,G,5356.3,0.86,0.94,0.14,[M/H],-0.287,4.54,2.8,2.064,V,8
K2-139,K,5370,0.88,0.96,0.24,[Fe/H],-0.299,4.54,1.8,2.477,V,0
K2-14,M,3789,0.45,0.47,-0.37,[Fe/H],-1.031,4.61,,3.2418,V,0
K2-140,G,5705,0.99,1,0.13,[Fe/H],-0.049,4.45,4.22,1.477,V,5
K2-141,K,4599,0.68,0.71,-0.06,[Fe/H],-0.75,4.62,6.3,3.164,V,7
K2-146,M,3385,0.33,0.33,-0.02,[Fe/H],-1.824,4.9,5,13.1,V,3
K2-149,M,3745,0.57,0.59,0.11,[Fe/H],-1.31,4.71,,3.93217,V,1
K2-15,G,5131,0.68,0.72,-0.46,[Fe/H],-0.453,4.57,,1.89114,V,8
K2-150,M,3499,0.44,0.46,0.09,[Fe/H],-1.585,4.82,,8.03564,V,2.5
K2-151,M,3695,0.45,0.47,-0.19,[Fe/H],-1.553,4.8,,6.736,V,1.5
K2-152,M,4044,0.61,0.63,0.12,[Fe/H],-1.06,4.67,,3.49448,V,0
K2-153,M,3845,0.53,0.55,-0.09,[Fe/H],-1.367,4.73,,4.87969,V,3
K2-154,M,4097,0.63,0.65,0.21,[Fe/H],-1.018,4.65,,3.24997,V,0
K2-155,K,4258,0.58,0.65,-0.3,[Fe/H],-1.229,4.6,,5.41,V,7
K2-16,K,4761,0.54,0.67,-0.33,[Fe/H],-0.761,4.63,,2.95996,V,3
K2-167,F,5908,1.83,1.02,-0.45,[Fe/H],0.442,3.88,,0.51347,V,7
K2-17,K,4320,0.66,0.71,0.15,[Fe/H],-0.91,4.8,,2.41242,V,7
K2-18,M,3457,0.41,0.36,0.12,[Fe/H],-1.597,4.79,,7.07318,V,2.5
K2-19,G,5430,0.86,0.93,0.1,[Fe/H],-0.292,4.63,8,1.76,V,9
K2-21,M,4222.06,0.65,0.68,-0.11,[Fe/H],-0.985,4.83,1,3.1676,V,0
K2-216,K,4503,0.72,0.7,0,[Fe/H],-0.721,4.57,,2.3,V,5
K2-22,M,3830,0.57,0.6,0.03,[Fe/H],-1.113,4.65,,3.65548,V,0
K2-229,G,5315,0.79,0.87,-0.09,[Fe/H],-0.383,4.59,5.4,2.38,V,9
K2-233,K,5033,0.71,0.79,-0.09,[Fe/H],-0.523,4.64,0.36,3.17211,V,3
K2-237,F,6099,1.38,1.23,0,[Fe/H],0.285,4.27,2.55,0.663,V,9
K2-238,G,5630,1.59,1.19,0.34,[Fe/H],0.36,4.11,5.63,0.0775,V,2
K2-239,M,3420,0.36,0.4,-0.1,[Fe/H],-1.796,4.9,,19.15052,V,3
K2-24,G,5625,1.16,1.07,0.34,[Fe/H],0.158,4.29,5.1,0.89,V,9
K2-240,M,3810,0.54,0.58,-0.1,[Fe/H],-1.276,4.7,,4.32946,V,0
K2-25,M,3180,0.29,0.29,0.15,[Fe/H],-2.076,4.94,,15.9,V,4
K2-26,M,3785,0.52,0.56,-0.13,[Fe/H],-1.31,4.72,1,3.92,V,1
K2-260,F,6367,1.69,1.39,-0.14,[Fe/H],0.543,4.15,1.9,0.4005,V,6
K2-261,G,5537,1.65,1.1,0.36,[Fe/H],0.372,4.21,8.8,0.35,IV-V,7
K2-263,G,5368,0.85,0.88,-0.08,[m/H],-0.26,4.51,7,2.02,V,9
K2-264,M,3660,0.47,0.5,-0.013,[Fe/H],-1.481,4.78,,6.61,V,2.5
K2-265,G,5477,0.98,0.92,0.078,[Fe/H],-0.18,4.42,9.7,0.98,V,8
K2-28,M,3214,0.29,0.26,0.26,[Fe/H],-1.94,4.93,,15.2,V,4
K2-285,K,4975,0.79,0.83,0,[Fe/H],-0.422,4.4,,2.512,V,2
K2-286,M,3926,0.62,0.64,0,[Fe/H],-1.046,4.7,,3.41329,V,0
K2-288 B,M,3341,0.32,0.33,-0.21,[Fe/H],-1.93,4.96,1,14.2,V,3
K2-29,G,5358,0.86,0.94,0.16,[Fe/H],-0.295,4.54,2.6,2.9,V,7
K2-292,G,5725,1.09,1,0.07,[Fe/H],0.093,4.33,6.8,1.14,V,3
K2-295,K,4444,0.7,0.74,0.14,[Fe/H],-0.716,4.63,,3.043,V,5
K2-3,M,3896,0.56,0.6,-0.32,[Fe/H],-1.15,4.73,1,5.05,V,0
K2-30,G,5425,0.84,0.9,-0.15,[Fe/H],-0.256,4.54,3.9,2.11,V,6
K2-31,G,5280,0.78,0.91,0.08,[Fe/H],-0.11,4.6,,1.19289,V,7
K2-315,M,3300,0.2,0.17,-0.24,[Fe/H],-2.387,5.09,1,32.6,V,
K2-32,G,5271,0.86,0.83,-0.06,[Fe/H],-0.296,4.49,7.9,1.83277,V,9
K2-33,M,3540,1.05,0.56,,,-0.824,4.06,0.009,0.72,V,3
K2-34,F,6071,1.44,1.15,0.03,[Fe/H],0.4,4.18,2.88,0.675,V,
K2-35,K,4402.71,0.62,0.7,0.04,[Fe/H],-0.719,4.7,,2.02725,V,4
K2-36,K,4916,0.72,0.79,-0.09,[Fe/H],-0.57,4.62,1.4,2.99,V,2
K2-37,G,5413,0.85,0.9,-0.03,[Fe/H],-0.469,4.52,,1.80561,V,3
K2-38,G,5757,1.38,2.24,0.28,[Fe/H],0,4.35,,1.21,V,2
K2-5,K,3930,0.57,0.61,-0.33,[Fe/H],-1.083,4.71,,4.4048,V,7
K2-60,G,5500,1.12,0.97,0.01,[Fe/H],0.282,4.07,10,0.99,V,4
K2-8,K,4870,0.74,0.78,-0.02,[Fe/H],-0.553,4.52,,2.36326,V,3
K2-9,M,3390,0.31,0.3,-0.25,[Fe/H],-1.921,4.82,1,9.88,V,2.5
K2-95,M,3548,0.42,0.44,-0.03,[Fe/H],-1.635,4.84,0.79,1.12,V,3
K2-98,F,6172,1.57,1.2,-0.06,[Fe/H],0.504,4.13,5.2,0.633,V,8
K2-99,G,6217,2.63,1.63,0.21,[Fe/H],0.961,3.81,2.4,0.099,IV,0
kap And,B,10900,2.31,2.6,-0.36,[M/H],1.83,3.78,0.03,0.32158,IV ,9
kap CrB,K,4871,4.85,1.5,0.15,[Fe/H],1.084,3.26,3.42,,III,0
Kapteyn,M,3550,0.29,0.28,-0.89,[M/H],-1.793,4.92,,14.27604,V,2
KELT-10,G,5948,1.21,1.11,0.09,[Fe/H],0.217,4.32,4.5,0.889,V,0
KELT-11,G,5375,2.69,1.44,0.17,[Fe/H],0.744,3.7,,0.104,IV,8
KELT-14,G,5720,1.52,1.24,0.32,[Fe/H],0.279,4.17,5.11,0.495,IV,4
KELT-16,F,6236,1.36,1.21,-0.002,[Fe/H],0.401,4.25,3.1,0.679,V,7
KELT-17,A,7454,1.65,1.64,-0.018,[Fe/H],0.876,4.22,0.65,0.518,V,
KELT-18,F,6670,1.91,1.52,0.09,[Fe/H],0.813,4.06,1.9,0.3111,V,4
KELT-19 A,A,7500,1.83,1.62,-0.12,[Fe/H],0.978,4.13,,0.376,V,8
KELT-2 A,F,6327,1.93,1.54,0,[Fe/H],0.689,4.5,3.97,0.3,IV,8
KELT-20,A,8720,1.56,1.76,-0.29,[Fe/H],1.104,4.29,0.6,0.641,V,2
KELT-21,A,7598,1.64,1.46,-0.405,[Fe/H],0.905,4.17,1.6,0.468,V,8
KELT-23 A,G,5899,1,0.94,-0.105,[Fe/H],0.034,4.42,6.4,1.349,V,2
KELT-24,F,6509,1.51,1.46,0.186,[Fe/H],0.565,4.25,0.78,0.603,V,5
KELT-4 A,F,6206,1.6,1.2,-0.116,[Fe/H],0.535,4.11,4.44,0.411,V,
KELT-6,F,6102,1.73,1.42,-0.28,[Fe/H],0.493,4.07,6.1,0.39,V,8
KELT-7,F,6768,1.81,1.76,0,[Fe/H],0.758,4.5,1.3,0.42,IV,
KELT-8,G,5754,1.46,0.81,0.27,[Fe/H],0.265,4.08,5.4,0.37,V,2
KELT-9,B,10170,2.36,2.52,-0.03,[Fe/H],1.724,4.09,0.3,0.2702,V,9
Kepler-101,G,5667,1.56,1.17,0.33,[Fe/H],0.42,4.12,5.9,0.437,IV,3
Kepler-114,M,4605,0.67,0.77,0.229,[M/H],-0.685,4.65,2.69,3.41328,V,0
Kepler-117,F,6150,1.61,1.13,-0.04,[Fe/H],0.538,4.1,5.3,0.41,V,8
Kepler-120,M,4096,0.53,0.65,-0.12,[Fe/H],-0.677,4.73,3.63,2.77559,V,0
Kepler-125,M,3810,0.51,0.54,-0.14,[Fe/H],-1.328,4.74,13.5,4.68232,V,1
Kepler-129,G,5770,1.65,1.18,0.29,[Fe/H],0.464,4.08,6.43,0.35927,V,4
Kepler-138,M,3841,0.44,0.52,-0.28,[Fe/H],-1.222,4.89,4.68,9.5,V,1
Kepler-155,M,4508,0.62,0.64,-0.142,[M/H],-1.21,4.68,2.9,1.00752,V,0
Kepler-159,M,4625,0.66,0.63,-0.28,[Fe/H],-0.754,4.65,2.51,5.02511,V,0
Kepler-1654,G,5597,1.18,1.01,-0.088,[Fe/H],0.09,4.3,5,0.876,V,5
Kepler-1655,G,6148,1.03,1.03,-0.24,[Fe/H],0.143,4.36,2.56,1.3,V,0
Kepler-1661,K,5100,0.76,0.84,-0.12,[M/H],-0.513,4.66,2,4.62644,V,
Kepler-167,K,4890,0.73,0.77,-0.03,[Fe/H],-0.57,4.61,3.3,2.88,V,4
Kepler-17,G,5781,1.01,1.04,0.26,[M/H],0.012,4.45,1.8,1.42165,V,2
Kepler-186,M,3788,0.47,0.48,-0.28,[Me/H],-1.385,4.77,4,6.4,V,1
Kepler-205,M,4321,0.55,0.59,-0.125,[M/H],-0.956,4.74,3.16,1.97675,V,1
Kepler-21,F,6305,1.9,1.41,-0.03,[Fe/H],0.715,4.03,3.03,0.287,IV,6
Kepler-210,M,4559,0.65,0.77,0.277,[M/H],-0.799,4.66,1.78,4.67612,V,0
Kepler-22,G,5518,0.98,0.97,-0.29,[Fe/H],-0.102,4.44,7.08,1.458,V,5
Kepler-225,M,3682,0.48,0.59,-0.04,[Fe/H],-0.996,4.78,2.88,2.7212,V,1
Kepler-231,M,3767,0.49,0.58,-0.1,[Fe/H],-1.036,4.78,3.47,33.27197,V,1
Kepler-235,M,4255,0.55,0.58,-0.51,[Fe/H],-1.102,4.73,6,4.14,V,0
Kepler-236,M,3750,0.51,0.6,-0.05,[Fe/H],-1.229,4.75,3.16,3.70571,V,1
Kepler-249,M,3568,0.48,0.51,-0.34,[Fe/H],-1.495,4.78,3.09,5.34498,V,2
Kepler-252,M,4208,0.55,0.61,-0.13,[Fe/H],-0.786,4.72,13.9,7.39154,V,0
Kepler-26,M,3914,0.51,0.54,-0.13,[Fe/H],-1.06,4.68,2.95,5.98262,V,0
Kepler-267,M,4258,0.56,0.54,-0.18,[Fe/H],-1.229,4.73,3.31,4.69279,V,1
Kepler-28,M,4590,0.7,0.75,0.34,[M/H],-0.745,4.29,2.24,4.13623,V,0
Kepler-287,K,5806,1.03,0.97,0.117,[M/H],-0.134,4.4,7.6,13.82309,V,7
Kepler-296,M,3740,0.48,0.5,-0.08,[Fe/H],-1.509,4.77,13.9,6.4,V,2
Kepler-303,M,3944,0.48,0.57,-0.414,[M/H],-1.066,4.77,3.31,5.28345,V,0
Kepler-309,M,4713,0.72,0.67,0.11,[Fe/H],-0.574,4.61,3.02,2.8044,V,0
Kepler-32,M,3900,0.53,0.58,0,[Fe/H],-1.292,4.64,2.69,4.21511,V,1
Kepler-38,G,5623,1.75,0.94,-0.11,[m/H],0.492,3.93,10,0.175,V,4
Kepler-39,F,6350,1.4,1.29,0.1,[Fe/H],0.346,4.4,2.1,0.66,V,7
Kepler-40,F,6510,2.13,1.48,0.1,[Fe/H],0.819,3.94,2.8,0.213,IV,5
Kepler-41,G,5750,1.29,1.15,0.38,[Fe/H],0.262,4.28,4.4,0.754,V,2
Kepler-411,K,4974,0.82,0.87,0.11,[M/H],-0.579,4.6,0.212,3.55299,V,2
Kepler-412,G,5750,1.29,1.17,0.27,[Fe/H],0.269,4.3,5.37,0.97299,V,3
Kepler-42,M,3068,0.17,0.13,-0.33,[M/H],-2.62,5.11,4.5,26.8,V,
Kepler-421,G,5308,0.76,0.79,-0.25,[Fe/H],-0.398,4.61,4,1.58,V,9
Kepler-423,G,5560,0.95,0.85,-0.1,[M/H],-0.018,4.41,11,1.398,V,4
Kepler-425,K,5170,0.86,0.93,0.24,[Fe/H],-0.323,4.54,5,1.448,V,1
Kepler-426,G,5725,0.92,0.91,-0.21,[Fe/H],-0.089,4.47,6,1.17,V,1
Kepler-427,G,5800,1.35,0.96,-0.19,[Fe/H],0.29,4.14,7,0.4,V,2
Kepler-428,K,5150,0.8,0.87,0.09,[Fe/H],-0.39,4.57,5,1.704,V,1
Kepler-43,F,6041,1.42,1.32,0.33,[Fe/H],0.326,4.26,0.69,0.737,V,8
Kepler-44,G,5800,1.35,1.12,0.15,[Fe/H],0.347,4.22,5.8,0.63,IV,2
Kepler-444,K,5046,0.75,0.76,-0.55,[Fe/H],-0.425,4.56,11.23,2.493,V,
Kepler-445,M,3157,0.21,0.18,0.27,[Fe/H],-2.1,4.93,6.61,14.39263,V,4
Kepler-446,M,3359,0.24,0.22,-0.3,[Fe/H],-2.248,5.03,3.72,25.35714,V,4
Kepler-447,G,5493,1.05,1,0.07,[Fe/H],-0.19,4.4,2.69,1.85322,V,8
Kepler-45,M,3820,0.55,0.59,0.28,[Fe/H],-1.276,4.7,0.5,4,V,
Kepler-452,G,5757,1.11,1.04,0.21,[Fe/H],0.084,4.32,6,0.84,V,2
Kepler-49,M,3974,0.53,0.55,0.03,[Fe/H],-1.131,4.73,2.88,4.13698,V,1
Kepler-52,M,4075,0.52,0.54,0,[Fe/H],-0.996,4.74,3.55,8.09685,V,0
Kepler-539,G,5820,0.95,1.05,-0.01,[Fe/H],-0.06,4.5,0.91,1.713,V,2
Kepler-54,M,3705,0.5,0.51,-0.27,[Fe/H],-1.301,4.75,13.8,0.18002,V,1
Kepler-61,K,4017,0.62,0.64,0.03,[Fe/H],-0.971,4.67,1,4.93239,V,7
Kepler-617,M,3712,0.48,0.51,-0.07,[Fe/H],-1.305,4.77,3.98,4.72214,V,1
Kepler-62,K,4925,0.64,0.69,-0.37,[Fe/H],-0.678,4.68,7,3.8,V,2
Kepler-66,G,5962,0.97,1.04,-0.2,[M/H],0.051,4.48,1,1.62,V,0
Kepler-67,G,5331,0.78,0.86,-0.2,[M/H],-0.376,4.59,1,2.66,V,9
Kepler-69,G,5638,0.93,0.81,-0.29,[Fe/H],-0.097,4.4,9.8,1.37,V,4
Kepler-74,F,6000,1.12,1.18,0.42,[Fe/H],0.332,4.44,0.8,1.3,V,8
Kepler-75,K,5200,0.89,0.91,0.3,[Fe/H],-0.215,4.5,6.2,1.85,V,0
Kepler-76,F,6409,1.32,1.2,-0.1,[Fe/H],0.451,4.2,0.62,0.96729,V,
Kepler-77,G,5520,0.99,0.95,0.2,[M/H],-0.046,4.42,7.5,1.365,V,5
Kepler-78,G,5089,0.75,0.84,-0.14,[Fe/H],-0.498,4.6,0.625,2.84,V,
Kepler-80,K,4540,0.68,0.73,0.04,[Fe/H],-0.77,4.64,2,2.33,V,5
Kepler-81,M,4385,0.59,0.64,-0.18,[M/H],-0.889,4.7,3.63,4.19265,V,0
Kepler-83,M,4082,0.61,0.66,-0.2,[Fe/H],-1.102,4.69,3.09,6.12072,V,0
Kepler-91,K,4550,6.3,1.31,0.11,[Fe/H],1.225,2.95,4.47,0.0073,III,3
Kepler-94,M,4781,0.76,0.81,0.34,[Fe/H],-0.613,4.59,1.41,2.9,V,0
KIC 5095269,F,6305.24,1.17,1.21,-0.36,[M/H],0.668,4.32,,3.35644,V,7
KIC 7917485,A,7067,2.01,1.63,-0.02,[Fe/H],0.996,4,,0.23228,V,
KOI-1257,G,5520,1.13,0.99,0.27,[Fe/H],0.029,4.32,9.3,0.99,V,5
KOI-142,G,5466,0.9,0.99,0.27,[Fe/H],-0.165,4.53,1.6,1.50172,V,6
KOI-55,B,27730,0.2,0.5,-0.106,[Fe/H],1.36,5.52,,84.1,V,
KPS-1,K,5165,0.91,0.89,0.22,[Fe/H],-0.353,4.47,,1.68,V,1
L 168-9,M,3800,0.6,0.62,0.04,[Fe/H],-1.172,4.04,,3.88024,V,1
L 98-59,M,3412,0.31,0.31,-0.5,[Fe/H],-1.947,4.94,1,15.8,V,3
LHS 1140,M,3216,0.21,0.19,-0.24,[Fe/H],-2.38,5.06,5,25.99071,V,4
LHS 1478,M,3381,0.25,0.24,-0.13,[Fe/H],-2.146,4.87,,22.2,V,3
LHS 1815,M,3643,0.5,0.5,-0.12,[Fe/H],-1.387,4.77,,5.6,V,1
LHS 3844,M,3036,0.19,0.15,,,-2.565,5.06,,31.73,V,5
LP 714-47,M,3950,0.58,0.59,0.41,[Fe/H],-1.125,4.64,,3.73287,V,0
LP 791-18,M,2960,0.17,0.14,-0.09,[Fe/H],-2.697,5.12,0.5,31.1,V,
LSPM J2116+0234,M,3475,0.43,0.43,-0.05,[Fe/H],-1.699,4.95,2,7.5179,V,3
LTT 1445 A,M,3337,0.28,0.26,-0.34,[Fe/H],-2.046,4.97,,17.3,V,2.5
LTT 3780,M,3331,0.37,0.4,0.28,[Fe/H],-1.809,4.9,,9.74547,V,4
LTT 9779,G,5443,0.95,0.77,0.27,[Fe/H],-0.149,4.35,1.9,1.81,V,7
MASCARA-1,A,7554,2.1,1.72,0,[Fe/H],1.176,4,1,0.33,V,8
MASCARA-4,A,7800,1.92,1.75,0,[Fe/H],1.087,4.1,0.8,0.355,V,7
mu Leo,K,4538.2,11.4,1.5,0.36,[Fe/H],1.797,2.4,3.35,,III,2
NGC 2682 Sand 364,K,4284,39.59,9.06,-0.02,[Fe/H],2.072,2.2,4.15,,III,3
NGC 2682 Sand 978,K,4200,21.02,1.37,-0.02,[M/H],2.157,1.8,,,III,4
NGC 2682 YBP 1194,G,5780,0.99,1.01,0.023,[Fe/H],-0.011,4.44,4.15,1.43409,V,5
NGC 2682 YBP 1514,G,5725,0.89,0.96,0.03,[Fe/H],-0.018,4.57,4.15,1.12635,V,5
NGC 2682 YBP 401,F,6165,1.22,1.14,-0.046,[M/H],0.289,4.3,,0.83866,V,9
NGTS-1,M,3916,0.57,0.62,0,[M/H],-1.153,4.71,,4.4,V,0
NGTS-10,K,4600,0.7,0.7,-0.02,[M/H],-0.757,4.59,10.4,,V,5
NGTS-11,K,5050,0.83,0.86,0.22,[Fe/H],-0.395,4.5,3.9,2.109,V,
NGTS-12,G,5690,1.59,1.02,-0.03,[Fe/H],0.338,4.04,9.4,0.359,V,
NGTS-14 A,K,5187,0.84,0.9,0.1,[Fe/H],-0.311,4.2,5.9,2.00067,V,1
NGTS-15,G,5600,0.95,0.99,0.15,[Fe/H],-0.086,4.4,3.28,1.61507,V,6
NGTS-16,G,5550,1.21,1,0.35,[Fe/H],0.117,4.35,10.29,0.67558,V,7
NGTS-17,G,5650,1.34,1.02,0.15,[Fe/H],0.241,4,9.22,0.61631,V,4
NGTS-18,G,5610,1.39,1,0.15,[Fe/H],0.27,4.16,10.84,0.53884,V,5
NGTS-2,F,6478,1.7,1.64,-0.06,[Fe/H],0.631,4.2,2.17,0.477,V,5
NGTS-3 A,G,5600,0.93,1.02,0.12,[Fe/H],-0.144,4.45,,1.09,V,6
NGTS-5,K,4987,0.74,0.66,0.12,[Fe/H],-0.511,4.52,,2.81225,V,2
NGTS-8,K,5241,0.98,0.89,0.24,[Fe/H],-0.21,4.41,12.48,1.23245,V,0
NGTS-9,F,6330,1.38,1.34,0.31,[Fe/H],0.389,4.37,0.96,0.64571,V,8
nu Oph,K,4886,14.6,2.7,0.06,[Fe/H],2.039,2.56,0.65,,III,0
OGLE-TR-10,G,5950,1.17,1.14,0.28,[Fe/H],0.188,4.18,3.1,0.509,V,2
OGLE-TR-111,K,5040,0.83,0.82,0.19,,-0.339,4.54,8.8,2.14,V,2
OGLE-TR-113,K,4790,0.77,0.78,0.09,,-0.529,4.55,13.2,2.365,V,4
OGLE-TR-132,F,6210,1.32,1.3,0.37,[Fe/H],0.371,4.31,1.2,0.72,V,5
OGLE-TR-56,F,6050,1.74,1.17,0.25,[Fe/H],0.35,4.09,3,0.361,V,8
ome Ser,G,4770,12.3,2.17,-0.24,[Fe/H],1.85,2.32,,,III,8
omi CrB,K,4749,10.5,2.13,-0.238,[M/H],1.709,2.65,7.827,,III,0
Oph 11,M,2375,0.23,0.02,,,-2.77,4.25,5,22.64533,V,9
PDS 70,K,3972,1.26,0.76,-0.11,[Fe/H],-0.456,3.68,0.005,0.5411,V,7
PH1,F,6407,1.73,1.53,0.21,[Fe/H],0.66,4.14,2,0.293,V,
POTS-1,K,4400,0.59,0.69,-0.03,[Fe/H],-1.087,4.63,,4.814,V,5
Proxima Cen,M,3050,0.14,0.12,,,-2.81,5.16,,48.76265,V,5
psi 1 Dra B,G,6212,1.26,1.19,0.01,[Fe/H],0.326,4.2,3.3,0.88558,V,0
Qatar-10,F,6124,1.25,1.16,0.016,[Fe/H],0.3,4.3,3.2,0.823,V,7
Qatar-3,G,6007,1.27,1.15,-0.041,[Fe/H],0.279,4.29,0.31,0.78,V,0
Qatar-4,K,5215,0.85,0.9,0.103,[Fe/H],-0.318,4.53,0.17,2.07,V,1
Qatar-5,G,5747,1.08,1.13,0.377,[Fe/H],0.056,4.43,0.53,1.286,V,2
Qatar-6,K,5052,0.72,0.82,-0.025,[Fe/H],-0.514,4.64,1.02,3.08,V,2
Qatar-7,F,6387,1.56,1.41,0.276,[Fe/H],0.563,4.2,1.69,0.521,V,4
Qatar-8,G,5738,1.31,1.03,0.025,[Fe/H],0.228,4.21,8.3,0.641,V,0
Qatar-9,K,4309,0.7,0.72,0.252,[Fe/H],-0.821,4.61,7.5,3.015,V,5
rho CrB,G,5627,1.36,0.89,-0.31,[Fe/H],0.232,4.12,10,0.64638,V,0
Ross 128,M,3192,0.2,0.17,-0.02,[M/H],-2.441,5.05,5,27.33385,V,4
Ross 458,M,3646,0.56,0.56,,,-1.298,4.68,,4.40603,V,2
ROXs 12,M,3850,1.07,0.87,0.14,[Fe/H],-0.79,4.07,0.008,0.56288,V,0
RR Cae,M,3904,0.19,0.44,,,-2.108,5.08,,31.76099,V,
tau Boo,F,6466.27,1.43,1.32,0.264,[M/H],0.505,4.25,2,0.64193,V,7
tau Cet,G,5310,0.83,0.78,-0.52,[Fe/H],-0.305,4.52,12.12,2.24358,V,8
tau Gem,K,4388,26.8,2.3,0.14,[Fe/H],2.519,1.96,1.22,,III,2
Teegarden's Star,M,2904,0.11,0.09,-0.19,[Fe/H],-3.137,5.27,8,79.80688,V,7
TIC 237913194,G,5788,1.09,1.03,0.14,[Fe/H],0.078,4.38,5.7,1.076,V,3
TOI-1130,K,4250,0.69,0.68,0.2,[Fe/H],-0.854,4.6,8.2,2.97,V,7
TOI-122,M,3403,0.33,0.31,,,-1.854,4.88,2,12.8,V,3
TOI-1231,M,3553,0.48,0.48,0.041,[Fe/H],-1.487,4.77,,6.31,V,3
TOI-1235,M,3997,0.62,0.63,0.33,[Fe/H],-1.054,4.64,5.3,3.74,V,0
TOI-125,K,5320,0.85,0.86,-0.02,[Fe/H],-0.285,4.52,6.8,1.99,V,0
TOI-1266,M,3600,0.42,0.45,-0.5,[Fe/H],-1.533,4.85,,8.99,V,3
TOI-132,G,5397,0.9,0.97,0.16,[Fe/H],-0.222,4.48,6.34,1.89,V,8
TOI-150,F,6255,1.53,1.35,0.28,[Fe/H],0.497,4.13,2.346,0.5332,V,
TOI-157,G,5404,1.17,0.95,0.24,[Fe/H],0.02,4.28,12.82,0.842,IV,9
TOI-163,F,6495,1.65,1.44,0.22,[Fe/H],0.636,4.19,1.823,0.4518,V,
TOI-169,G,5880,1.29,1.15,0.24,[Fe/H],0.253,4.28,4.7,0.756,V,1
TOI-1728,M,3980,0.62,0.65,0.25,[Fe/H],-1.056,4.66,7.1,3.78,V,0
TOI-178,K,4316,0.65,0.65,-0.23,[Fe/H],-0.879,4.45,7.1,3.31,V,
TOI-1899,M,3841,0.61,0.63,0.31,[Fe/H],-1.057,4.67,7.4,3.95,V,0
TOI-201,F,6394,1.32,1.32,0.24,[Fe/H],0.415,4.32,0.87,0.81,V,6
TOI-220,K,5298,0.86,0.82,-0.217,[Fe/H],-0.267,4.37,10.1,1.84687,V,0
TOI-237,M,3212,0.21,0.18,,,-2.387,5.04,4.5,25.6,V,5
TOI-269,M,3514,0.4,0.39,-0.29,[Fe/H],-1.647,4.83,,8.98,V,2
TOI-270,M,3386,0.38,0.4,-0.17,[Fe/H],-1.77,4.84,,10.5,V,3
TOI-421,G,5325,0.87,0.85,-0.02,[Fe/H],-0.268,4.49,9.4,2.72,V,9
TOI-481,G,5735,1.66,1.14,0.26,[Fe/H],0.435,4.06,6.7,12.52,IV,
TOI-519,M,3350,0.37,0.37,,,-1.857,5,,12.2,V,3
TOI-540,M,3216,0.19,0.16,,,-2.461,4.44,1.1,30.58604,V,
TOI-561,G,5455,0.85,0.79,-0.33,[Fe/H],-0.282,4.47,5,1.809,V,9
TOI-677,F,6295,1.28,1.18,0,[Fe/H],0.312,4.29,2.92,0.8,V,8
TOI-700,M,3461,0.42,0.41,-0.07,[Fe/H],-1.635,4.8,1.5,7.68,V,2
TOI-763,G,5450,0.9,0.92,0.01,[Fe/H],-0.154,4.45,,1.83425,V,
TOI-776,M,3709,0.54,0.54,-0.2,[Fe/H],-1.31,4.73,7.8,6.024,V,1
TOI-813,G,5907,1.94,1.32,0.1,[Fe/H],0.619,3.86,3.73,0.254,IV,0
TOI-824,K,4600,0.69,0.71,-0.092,[Fe/H],-0.71,4.61,7.5,2.98,V,4
TOI-837,G,6047,1.02,1.12,-0.069,[Fe/H[,0.041,4.47,0.035,1.4,V,0
TOI-849,G,5373.8,0.92,0.93,0.19,[Fe/H],-0.218,4.48,6.7,1.685,V,
TOI-892,F,6261,1.39,1.28,0.24,[Fe/H],0.431,4.26,2.2,0.482,V,
TOI-942,K,4928,1.02,0.79,-0.221,[Fe/H],-0.369,4.31,0.09,1.634,V,2
TrES-1,K,5230,0.85,1.04,0.02,[Fe/H],-0.301,4.57,3.7,2.37,V,0
TrES-2,G,5850,1.12,1.36,-0.15,[Fe/H],0.038,4.43,3.55,1.38,V,0
TrES-3,G,5650,0.83,0.93,-0.2,[Fe/H],-0.204,4.57,1,2.322,V,4
TrES-4,F,6200,1.66,1.08,0.14,[Fe/H],0.726,4.06,2.2,0.33,V,8
TYC 8998-760-1,K,4573,0.95,1,,,-0.339,4.29,0.017,0.98576,IV,3
ups And,F,6156.77,1.56,1.3,0.101,[M/H],0.525,4.13,5,0.36993,V,8
USco CTIO 108,M,2700,0.35,0.06,,,-1.95,4.88,,11.25459,V,7
USco1556 A,M,3410,0.67,0.33,,,-1.09,4.59,0.007,3.02807,V,3
USco1621 A,M,3460,0.71,0.36,,,-1.02,4.25,0.007,1.14465,V,2.5
V0391 Peg,B,29300,0.23,0.5,,,1.433,5.4,10,80.3914,V,
V1298 Tau,K,4970,1.34,1.1,0.139,[M/H],-0.03,4.25,0.023,0.679,V,0
WASP-1,F,6110,1.47,1.24,0.17,[Fe/H],0.441,4.21,3.4,0.548,V,7
WASP-10,K,4675,0.7,0.75,0.05,[Fe/H],-0.64,4.63,7,2.13,V,5
WASP-100,F,6900,1.57,0.77,-0.03,[Fe/H],0.766,4.35,1.57,0.28,IV,2
WASP-101,F,6380,1.31,1.41,0.2,[Fe/H],0.421,4.31,1.14,0.89,V,6
WASP-103,F,6110,1.44,1.22,0.06,[Fe/H],0.413,4.22,4,0.583,V,8
WASP-104,G,5475,0.96,1.08,0.32,[Fe/H],-0.19,4.5,3,1.7,V,8
WASP-105,K,5070,0.9,0.89,0.28,[Fe/H],-0.024,4.2,,1.73,V,2
WASP-106,F,6055,1.31,0.93,-0.09,[Fe/H],0.422,4.23,7,0.57,V,9
WASP-107,K,4425,0.67,0.68,0.02,[Fe/H],-0.879,4.63,3.4,3.441,V,6
WASP-11,K,4800,0.89,1.42,0,[Fe/H],0,4.45,7.6,2.8,V,3
WASP-110,G,5400,0.86,0.95,-0.06,[Fe/H],-0.229,4.1,,2.07714,V,9
WASP-113,G,5890,1.61,1.32,0.1,[Fe/H],0.516,4.2,6.2,0.447,V,1
WASP-114,G,5940,1.43,1.29,0.14,[Fe/H],0.333,4.3,4.3,0.619,IV,0
WASP-117,F,6040,1.22,1.29,-0.11,[Fe/H],0.274,4.28,4.6,1,V,9
WASP-118,F,6410,1.7,1.32,0.16,[Fe/H],0.659,4.1,1.17,0.382,V,6
WASP-119,G,5650,1.2,1.02,0.14,[Fe/H],0.075,4.26,8,0.76,IV,5
WASP-120,F,6450,1.87,1.39,-0.05,[Fe/H],0.675,4.04,2.6,0.299,IV,5
WASP-121,F,6459,1.46,1.35,0.13,[Fe/H],0.519,4.24,1.5,0.616,V,6
WASP-123,G,5740,1.28,1.17,0.18,[Fe/H],0.162,4.29,6.9,0.773,IV,5
WASP-124,F,6050,1.02,1.07,-0.02,[Fe/H],0.149,4.44,2.1,1.39,V,9
WASP-126,G,5800,1.27,1.12,0.207,[M/H],0.159,4.28,6.4,0.79,IV,2
WASP-129,G,5900,0.9,1,0.15,[Fe/H],0.112,4.53,1,1.94,V,1
WASP-130,G,5625,0.96,1.04,0.26,[Fe/H],-0.032,4.49,2,1.66,V,6
WASP-131,G,6030,1.53,1.06,-0.18,[Fe/H],0.53,4.09,4.5,0.411,V,0
WASP-132,K,4775,0.74,0.8,0.22,[Fe/H],-0.584,4.61,0.5,2.82,V,4
WASP-133,G,5700,1.44,1.16,0.29,[Fe/H],0.305,4.18,6.8,0.55,V,4
WASP-135,G,5675,0.96,0.98,0.02,[Fe/H],-0.326,4.47,0.6,1.58,V,5
WASP-139,K,5310,0.8,0.92,0.2,[Fe/H],-0.345,4.59,0.5,2.5,V,0
WASP-140,K,5260,0.87,0.9,0.12,[Fe/H],-0.294,4.51,0.5,1.94,V,0
WASP-141,F,5900,1.37,1.25,0.29,[Fe/H],0.315,4.26,5,0.69,V,9
WASP-142,F,6010,1.64,1.33,0.26,[Fe/H],0.513,4.13,2,0.42,V,8
WASP-144,K,5200,0.81,0.81,0.18,,-0.129,4.53,8.71,2.17,V,2
WASP-145 A,K,4900,0.68,0.76,-0.04,,-0.684,4.65,6.99,3.36,V,2
WASP-147,G,5702,1.43,1.04,0.092,[Fe/H],0.287,4.21,8.47,0.509,V,4
WASP-148,G,5460,1.03,1,0.11,[Fe/H],-0.156,4.4,,1.3,V,
WASP-15,F,6300,1.48,1.18,-0.17,[Fe/H],0.49,4.35,2.4,0.52,V,7
WASP-150,F,6218,1.65,1.39,0.156,[Fe/H],0.558,4.15,2.95,0.619,V,8
WASP-151,G,5871,1.14,1.08,0.1,[Fe/H],0.145,4.35,5.1,1.02,V,1
WASP-153,G,5914,1.73,1.34,0.34,[Fe/H],0.46,4.1,4,0.37,IV,0
WASP-156,K,4910,0.76,0.84,0.24,[Fe/H],-0.435,4.6,6.4,2.68,V,3
WASP-157,G,5772,1.1,1.06,0.25,[Fe/H],0.079,4.38,1.6,1.4,V,2
WASP-158,F,6350,1.39,1.38,0.24,,0.483,4.3,1.93,0.75,V,6
WASP-159,F,6120,2.11,1.41,0.22,,0.678,3.94,3.4,0.21,IV,9
WASP-160 B,K,5298,0.87,0.87,0.27,[Fe/H],-0.318,4.5,9.75,1.89,V,0
WASP-162,K,5300,1.11,0.95,0.28,,0.054,4.33,12.97,1,V,0
WASP-164,G,5806,0.93,0.95,-0.01,[Fe/H],-0.067,4.46,4.08,1.642,V,2
WASP-165,G,5599,1.75,1.25,0.33,[Fe/H],0.428,3.93,4.77,0.328,V,6
WASP-166,F,6050,1.22,1.19,0.19,[Fe/H],0.283,4.34,2.1,0.92,V,9
WASP-167,F,7000,1.79,1.59,0.1,[Fe/H],0.897,4.13,1.29,0.39,V,1
WASP-168,F,6000,1.12,1.08,-0.01,,0.155,4.37,3.96,1.1,V,9
WASP-169,F,6110,2.01,1.34,0.06,[Fe/H],0.789,3.96,3.802,0.234,V,8
WASP-17,F,6550,1.49,2.28,-0.25,[Fe/H],0.613,4.2,2.65,0.98,V,4
WASP-171,G,5965,1.64,1.17,0.04,[Fe/H],0.672,4.08,5.908,0.381,V,0
WASP-172,F,6900,1.91,1.49,-0.1,,0.934,4.05,1.79,0.3,V,1
WASP-173 A,G,5800,1.11,1.05,0.16,,0.083,4.37,6.78,1.1,V,3
WASP-174,F,6400,1.31,1.3,0.09,[Fe/H],0.426,4.32,1.65,0.8,V,6
WASP-175,F,6229,1.2,1.21,0.15,[Fe/H],0.789,4.36,1.745,0.977,V,7
WASP-176,F,5941,1.93,1.34,0.164,[Fe/H],0.617,4,4.81,0.371,V,9
WASP-177,K,5017,0.89,0.88,0.25,[Fe/H],-0.412,4.49,9.7,1.78,V,2
WASP-178,A,9360,1.67,2.07,0.21,[Fe/H],1.215,4.31,0.43,0.62,IV-V,1
WASP-18,F,6400,1.23,1.22,0.11,[Fe/H],0.39,4.37,1,0.694,IV-V,6
WASP-180 A,F,6600,1.19,1.3,0.1,[Fe/H],0.315,4.42,1.2,1.17,V,7
WASP-181,G,5839,0.96,1.04,0.09,[Fe/H],0.049,4.49,2.5,1.64,V,2
WASP-182,G,5638,1.34,1.08,0.27,[Fe/H],0.155,4.22,5.952,0.636,V,5
WASP-183,G,5313,0.87,0.78,-0.31,[Fe/H],-0.209,4.45,14.9,1.68,V,9
WASP-184,G,6000,1.65,1.23,0.12,[Fe/H],0.501,4.09,4.7,0.38,V,0
WASP-185,G,5900,1.5,1.12,-0.02,[Fe/H],0.412,4.13,6.6,0.47,V,0
WASP-186,F,6361,1.47,1.22,-0.08,[Fe/H],0.5,4.19,3.1,0.546,V,
WASP-187,F,6150,2.83,1.54,0,[Fe/H],0.967,3.72,2.55,0.096,IV,
WASP-19,G,5568,1,0.9,0.15,[Fe/H],-0.059,4.45,11.5,1.258,V,8
WASP-190,F,6400,1.6,1.35,-0.02,[Fe/H],0.691,4.17,,0.48,IV-V,6
WASP-192,G,5910,1.32,1.09,0.14,[Fe/H],0.282,4.24,5.7,0.671,V,0
WASP-2,K,5180,0.87,0.9,0.12,[Fe/H],-0.313,4.51,8.2,1.94,V,1
WASP-20,F,5940,1.39,1.2,-0.008,[Fe/H],0.338,4.23,7,0.63,IV,9
WASP-21,G,5800,1.06,1.01,-0.22,[M/H],0.304,4.28,12,0.827,V,3
WASP-22,G,6000,1.24,1.46,-0.05,[Fe/H],0.245,4.5,3,1.08,V,1
WASP-28,F,6150,1.09,1.02,-0.29,[Fe/H],0.15,4.37,5,1.104,V,8
WASP-33,A,7430,1.44,1.5,0.1,[M/H],0.819,4.25,,0.7,V,5
WASP-38,F,6180,1.52,1.76,-0.02,[Fe/H],0.453,4.25,3.29,0.71,V,8
WASP-4,G,5400,0.89,0.86,-0.07,[Fe/H],-0.179,4.47,7,1.711,V,8
WASP-43,K,4400,0.6,0.58,-0.01,[Fe/H],-0.825,4.49,7,2.526,V,7
WASP-44,G,5420,0.91,0.94,-0.003,[Fe/H],-0.198,4.49,10.3,1.77,V,8
WASP-45,K,5150,0.85,0.85,-0.03,[Fe/H],-0.336,4.5,12.7,1.92,V,2
WASP-46,G,5600,0.86,0.83,-0.3,[Fe/H],-0.111,4.49,9.6,1.845,V,6
WASP-49,G,5600,0.97,0.92,-0.23,[Fe/H],-0.053,4.5,11.9,1.43,V,6
WASP-5,G,5700,1.03,0.96,0.09,[Fe/H],0.067,4.39,5.4,1.24,IV-V,5
WASP-52,K,5000,0.79,0.87,0.03,[Fe/H],-0.354,4.58,0.4,2.48,V,2
WASP-54,F,6100,1.76,1.08,-0.27,[Fe/H],0.575,4,6.9,0.28,V,9
WASP-56,G,5600,0.96,0.71,0.12,[Fe/H],0.103,4.5,6.2,1.14,V,6
WASP-57,G,5600,0.93,0.89,-0.25,[Fe/H],-0.005,4.45,2.6,1.568,V,6
WASP-58,G,5800,1.22,1.06,-0.45,[Fe/H],0.16,4.27,12.8,0.83,V,2
WASP-59,K,4650,0.61,0.72,-0.15,[Fe/H],-0.794,4.72,0.5,4.38,V,5
WASP-60,G,5900,1.17,1.19,-0.04,[Fe/H],0.347,4.2,1.7,1.03,V,1
WASP-64,G,5400,1.06,1,-0.08,[Fe/H],-0.022,4.39,1.2,1.196,V,7
WASP-65,G,5600,1.01,0.93,-0.07,[Fe/H],0.055,4.4,8,1.28,V,6
WASP-68,G,5910,1.79,1.49,0.22,[Fe/H],0.505,4.17,5.7,0.36,V,0
WASP-69,K,4700,0.86,0.98,0.15,[Fe/H],-0.468,4.5,7,2.18,V,5
WASP-70 A,G,5763,1.22,1.11,-0.006,[Fe/H],0.162,4.31,9.5,0.872,V,4
WASP-71,F,6050,1.82,0.76,0.15,[Fe/H],0.768,3.9,3,0.18,V,8
WASP-72,F,6250,2.18,2.78,-0.06,[Fe/H],0.724,4.09,3.2,0.38,IV-V,7
WASP-73,F,6030,2.55,2.52,0.14,[Fe/H],0.795,3.93,4.3,0.21,IV,9
WASP-74,F,5990,1.42,0.98,0.39,[Fe/H],0.4,4.39,3.7,0.48,V,9
WASP-75,F,6100,1.26,1.14,0.07,[Fe/H],0.304,4.29,3.5,0.79,V,9
WASP-76,F,6250,1.73,1.46,0.23,[Fe/H],0.689,4.13,5.3,0.403,IV-V,7
WASP-77 A,G,5365,1.09,1.49,-0.34,[Fe/H],-0.113,4.33,1,1.64,V,8
WASP-8,G,5600,1.03,1.34,0.17,[Fe/H],-0.058,4.5,4,1.74,V,8
WASP-80,K,4143,0.59,0.58,-0.13,[Fe/H],-1.04,4.66,7,4.05,V,7
WASP-82,F,6480,2.1,1.48,0.12,[Fe/H],0.794,3.96,,0.22,V,5
WASP-83,G,5510,1.05,1.11,0.29,[Fe/H],-0.05,4.44,5,1.4,V,8
WASP-84,K,5314,0.75,0.84,0,[Fe/H],-0.325,4.4,1,2.839,V,0
WASP-85 A,G,6112,0.94,1.09,0.118,[M/H],-0.071,4.5,,1.875,V,5
WASP-88,F,6430,1.8,0.94,-0.08,[Fe/H],0.724,3.96,3,0.23,V,6
WASP-89,K,5130,0.88,0.92,0.15,[Fe/H],-0.343,4.51,1.3,1.92,V,3
WASP-90,F,6430,1.98,1.55,0.11,[Fe/H],0.63,4.03,4.4,0.28,IV,6
WASP-91,K,4920,0.86,0.84,0.19,[Fe/H],-0.383,4.3,,1.83,V,3
WASP-92,F,6280,1.34,1.19,0,[Fe/H],0.275,4.26,2.29,0.697,V,7
WASP-93,F,6700,1.52,1.33,0.07,[Fe/H],0.618,4.2,0.7,0.53,V,4
WASP-94 A,F,6170,1.48,1.67,0.26,[Fe/H],0.51,4.27,2.7,0.73,V,8
WASP-94 B,F,6040,1.35,1.24,0.23,[Fe/H],0.351,4.26,4,0.54332,IV,9
WASP-95,G,5830,1.23,1.46,0.14,[Fe/H],0.178,4.36,2.4,1.09,V,2
WASP-96,G,5540,1.05,1.06,0.14,[Fe/H],0.032,4.42,8,1.299,V,8
WASP-97,G,5640,1.08,1.18,0.23,[Fe/H],0.071,4.45,4.8,1.34,V,5
WASP-98,G,5473,0.74,0.81,-0.49,[Fe/H],-0.358,4.61,2.7,2.801,V,7
WASP-99,F,6150,1.64,1.21,0.21,[Fe/H],0.543,4.3,3,0.39,V,8
Wendelstein-1,K,4251,0.61,0.65,,,-0.938,4.55,,2.5907,V,7
Wendelstein-2,K,4591,0.66,0.73,,,-0.834,4.53,,2.35899,V,6
Wolf 1061,M,3342,0.31,0.29,-0.09,[Fe/H],-1.991,4.9,,12.74782,V,3
Wolf 503,K,4716,0.69,0.69,-0.47,[Fe/H],-0.644,4.62,11,4.10627,V,3
WTS-1,F,6250,1.15,1.2,-0.5,[Fe/H],0.088,4.4,2.55,1.1129,V,6
WTS-2,K,5000,0.75,0.82,0.2,[Fe/H],-0.288,4.6,0.6,2.72,V,2
xi Aql,G,4780,12,2.2,-0.205,[Fe/H],1.839,2.66,7.1,,III,9
XO-1,G,5750,0.88,0.88,0.02,[Fe/H],-0.086,4.51,0.9,1.79,V,1
XO-2 N,K,5340,0.99,0.97,0.43,,-0.088,4.43,7.8,1.41,V,0
XO-3,F,6429,1.54,0.58,-0.18,[Fe/H],0.706,3.95,2.82,0.22,V,5
XO-4,F,6397,1.45,1.1,-0.04,[Fe/H],0.536,4.18,2.1,0.5,V,5
XO-5,G,5430,1.13,1.04,0.05,[Fe/H],-0.06,4.35,8.5,1.01,V,8
XO-6,F,6720,1.93,1.47,-0.07,[Fe/H],0.536,4.04,1.88,1,IV,5
XO-7,G,6250,1.48,1.41,0.432,[Fe/H],0.431,4.25,1.18,0.45108,V,0
YSES 2,K,4749,1.19,1.1,,,-0.185,4.25,0.014,0.82845,V,1
