hostname,st_spectype,st_teff,st_rad,st_mass,st_met,st_lum,st_logg,st_age,st_dens,sy_vmag,sy_kmag,sy_gaiamag,lum_class,sub_class
KELT-17,A,7454,1.65,1.64,-0.018,0.876,4.22,0.65,0.518,9.234,8.646,9.20887,,
WASP-178,A,9360,1.67,2.07,0.21,1.215,4.31,0.43,0.62,9.946,9.703,9.91226,IV-V,
KELT-20,A,8720,1.56,1.76,-0.29,1.104,4.29,0.6,0.641,7.59,7.415,7.57492,V,2
HR 8799,A,7204.58,1.49,1.61,-0.65,0.733,4.3,0.03,0.68153,5.98,5.24,5.90914,,5
bet Pic,A,8038.68,1.54,1.76,-0.21,0.953,4.35,0.012,0.74666,3.85,3.526,3.82015,V,5
MASCARA-4,A,7800,1.92,1.75,0,1.087,4.1,0.8,0.355,8.191,7.75,8.17401,V,7
MASCARA-1,A,7554,2.1,1.72,0,1.176,4,1,0.33,8.28,7.74,8.24243,,8
HD 95086,A,7595,1.49,1.6,0.14,0.821,4.34,0.013,0.75944,7.36,6.789,7.30915,III,8
HAT-P-57,A,6330,1.85,2.77,-0.25,0.806,4.25,1,0.62,10.639,9.433,10.4253,V,8
KELT-21,A,7598,1.64,1.46,-0.405,0.905,4.17,1.6,0.468,10.484,10.09,10.5415,V,8
kap And,B,10900,2.31,2.6,-0.36,1.83,3.78,0.03,0.32158,4.13791,4.571,4.13478,IV-V,9
HIP 78530,B,10500,2.11,2.5,-0.5,1.368,4.13,0.005,0.32956,7.1691,6.903,7.14665,V,9
KELT-9,B,10170,2.36,2.52,-0.03,1.724,4.09,0.3,0.2702,7.55,7.482,7.57675,,9.5
HAT-P-4,F,5860,1.62,0.56,0.24,0.431,4.14,3.9,0.437,11.118,9.770001,11.0634,,
HATS-26,F,6071,2.04,1.3,-0.02,0.704,3.94,4.04,0.218,13.006,11.435,12.8431,,
K2-34,F,6071,1.44,1.15,0.03,0.4,4.18,2.88,0.675,11.447,10.193,11.4357,,
WASP-187,F,6150,2.83,1.54,0,0.967,3.72,2.55,0.096,10.295,8.79,10.1318,,
KELT-4 A,F,6206,1.6,1.2,-0.116,0.535,4.11,4.44,0.411,9.98,8.689,9.95702,,
TOI-150,F,6255,1.53,1.35,0.28,0.497,4.13,2.346,0.5332,11.39,9.94,11.3408,,
TOI-892,F,6261,1.39,1.28,0.24,0.431,4.26,2.2,0.482,11.43,10.106,11.3435,,
HATS-3,F,6351,1.4,1.21,-0.157,0.456,4.22,3.2,0.62,12.433,10.694,11.8914,,
HATS-12,F,6357,1.17,1.16,-0.1,0.863,4.36,2.36,0.269,12.831,11.391,12.6766,,
WASP-186,F,6361,1.47,1.22,-0.08,0.5,4.19,3.1,0.546,10.81,9.532,10.6509,,
PH1,F,6407,1.73,1.53,0.21,0.66,4.14,2,0.293,13.841,12.395,13.6988,,
Kepler-76,F,6409,1.32,1.2,-0.1,0.451,4.2,0.62,0.96729,13.474,12.092,13.2755,,
HATS-27,F,6438,1.74,1.42,0.09,0.669,4.11,2.3,0.379,12.782,11.55,12.6792,,
TOI-163,F,6495,1.65,1.44,0.22,0.636,4.19,1.823,0.4518,11.467,10.124,11.2193,,
KELT-7,F,6768,1.81,1.76,0,0.758,4.5,1.3,0.42,8.56,7.543,8.45173,,
HAT-P-49,F,6820,2.06,2.22,0.07,0.814,4.1,1.5,0.36,10.205,9.346,10.2071,,
HATS-24,F,6125,1.12,1.07,-0.229,0.19,4.37,3.7,1.059,12.915,11.382,12.6911,V,0
HD 5278,F,6203,1.19,1.13,-0.12,0.28,4.5,3,0.9319,7.94,6.605,7.80375,V,7
51 Eri,F,7295,1.49,1.75,-0.027,0.85,4.31,0.02,0.70712,5.21149,4.537,5.15806,IV,0
WASP-172,F,6900,1.91,1.49,-0.1,0.934,4.05,1.79,0.3,10.988,10.13,11.0099,V,1
WASP-167,F,7000,1.79,1.59,0.1,0.897,4.13,1.29,0.39,10.517,9.76,10.5786,V,1
WASP-100,F,6900,1.57,0.77,-0.03,0.766,4.35,1.57,0.28,10.798,9.669,10.6151,,2
CoRoT-3,F,6740,1.56,1.37,0.14,0.391,4.22,2.2,0.431,13.448,11.618,13.2188,V,3
HAT-P-33,F,6446,1.79,1.82,0.05,0.618,4.15,2.3,0.45,11.032,10.004,11.0238,,4
WASP-17,F,6550,1.49,2.28,-0.25,0.613,4.2,2.65,0.98,11.588,10.224,11.3803,,4
WASP-93,F,6700,1.52,1.33,0.07,0.618,4.2,0.7,0.53,10.966,9.942,10.978,,4
Qatar-7,F,6387,1.56,1.41,0.276,0.563,4.2,1.69,0.521,13.134,11.561,12.9275,V,4
KELT-18,F,6670,1.91,1.52,0.09,0.813,4.06,1.9,0.3111,10.16,9.21,10.1036,V,4
HAT-P-50,F,6280,1.7,1.27,-0.18,0.603,4.07,3.37,0.357,11.703,10.5,11.6722,,5
WASP-120,F,6450,1.87,1.39,-0.05,0.675,4.04,2.6,0.299,10.96,9.877,10.8989,,5
KELT-24,F,6509,1.51,1.46,0.186,0.565,4.25,0.78,0.603,8.34,7.154,8.23752,,5
XO-6,F,6720,1.93,1.47,-0.07,0.536,4.04,1.88,1,10.247,9.246,10.191,,5
Kepler-40,F,6510,2.13,1.48,0.1,0.819,3.94,2.8,0.213,14.657,13.27,14.5591,IV,5
EPIC 246851721,F,6202,1.59,1.32,0.141,0.526,4.16,3.02,0.465,11.237,9.893,11.2549,V,5
OGLE-TR-132,F,6210,1.32,1.3,0.37,0.371,4.31,1.2,0.72,16.536,14.99,16.4883,V,5
HD 106315,F,6327,1.3,1.09,-0.311,0.395,4.25,4.48,0.97706,8.951,7.853,8.88841,V,5
XO-4,F,6397,1.45,1.1,-0.04,0.536,4.18,2.1,0.5,10.814,9.406,10.5131,V,5
XO-3,F,6429,1.54,0.58,-0.18,0.706,3.95,2.82,0.22,9.854,8.791,9.73889,V,5
NGTS-2,F,6478,1.7,1.64,-0.06,0.631,4.2,2.17,0.477,10.789,9.799,10.8605,V,5
HD 103774,F,6489,1.58,1.33,0.28,0.544,4.26,1.05,0.61418,7.13463,6,7.00938,V,5
HD 106906,F,6516,2.12,1.5,0.04,0.75,3.9,0.013,0.19434,7.8,6.683,7.68639,V,5
HD 111998,F,6557,1.45,1.18,0.07,0.512,4.19,1.9,0.6648,6.11006,4.993,5.99548,V,5
HAT-P-14,F,6600,1.82,2.65,0.11,0.644,4.25,1.6,0.62,9.988,8.851,9.87283,V,5
HR 2562,F,6785,1.47,1.3,0.02,0.531,4.4,0.6,0.70259,6.11,5.02,5.99741,V,5
HAT-P-8,F,6200,1.57,1.27,0.01,0.519,4.15,3.4,0.46,10.358,8.953,10.1489,,6
HIP 41378,F,6226,1.34,1.17,-0.11,0.396,4.18,4.279,0.68,8.93,7.722,8.80998,,6
WASP-101,F,6380,1.31,1.41,0.2,0.421,4.31,1.14,0.89,10.336,9.075,10.138,,6
WASP-118,F,6410,1.7,1.32,0.16,0.659,4.1,1.17,0.382,11.009,9.788,10.9196,,6
WASP-88,F,6430,1.8,0.94,-0.08,0.724,3.96,3,0.23,11.388,10.322,11.478,,6
WASP-90,F,6430,1.98,1.55,0.11,0.63,4.03,4.4,0.28,11.618,10.248,11.4559,,6
HD 60532,F,6245,2.57,1.5,-0.26,1.001,3.8,2.8,0.09257,4.44,3.355,4.30793,IV,6
Kepler-21,F,6305,1.9,1.41,-0.03,0.715,4.03,3.03,0.287,8.25,6.945,8.12832,IV,6
WASP-18,F,6400,1.23,1.22,0.11,0.39,4.37,1,0.694,9.28,8.131,9.16617,IV-V,6
HD 33564,F,6250,1.44,1.25,-0.12,0.535,4,3,0.57173,5.10111,3.911,4.97155,V,6
WTS-1,F,6250,1.15,1.2,-0.5,0.088,4.4,2.55,1.1129,16.644,15.271,16.4299,V,6
30 Ari B,F,6331,1.41,1.93,0.19,0.381,4.43,0.91,0.743,7.09209,5.822,6.96085,V,6
WASP-158,F,6350,1.39,1.38,0.24,0.483,4.3,1.93,0.75,12.044,10.881,12.0911,V,6
K2-260,F,6367,1.69,1.39,-0.14,0.543,4.15,1.9,0.4005,12.624,11.093,12.4667,V,6
TOI-201,F,6394,1.32,1.32,0.24,0.415,4.32,0.87,0.81,9.07,7.846,8.94004,V,6
WASP-174,F,6400,1.31,1.3,0.09,0.426,4.32,1.65,0.8,11.803,10.579,11.6826,V,6
CoRoT-11,F,6440,1.37,1.27,-0.03,0.378,4.22,2,0.69,12.897,11.248,12.841,V,6
WASP-121,F,6459,1.46,1.35,0.13,0.519,4.24,1.5,0.616,10.514,9.374,10.3746,V,6
HD 113337,F,6576.6,1.5,1.4,0.07,0.632,4.21,0.15,0.56519,6.02078,5.005,5.91168,V,6
WASP-175,F,6229,1.2,1.21,0.15,0.789,4.36,1.745,0.977,12.959,11.471,12.7065,,7
WASP-72,F,6250,2.18,2.78,-0.06,0.724,4.09,3.2,0.38,10.868,9.617,10.8378,,7
WASP-76,F,6250,1.73,1.46,0.23,0.689,4.13,5.3,0.403,9.518,8.243,9.39507,,7
WASP-92,F,6280,1.34,1.19,0,0.275,4.26,2.29,0.697,12.951,11.519,12.8183,,7
WASP-15,F,6300,1.48,1.18,-0.17,0.49,4.35,2.4,0.52,10.972,9.693,10.797,,7
HAT-P-30,F,6304,1.31,1.55,0.13,0.312,4.36,1,0.98,10.352,9.151,10.2998,,7
HAT-P-9,F,6350,1.34,1.28,0.12,0.418,4.29,1.6,0.755,12.344,11.015,12.1536,,7
WASP-1,F,6110,1.47,1.24,0.17,0.441,4.21,3.4,0.548,11.308,10.276,11.5349,V,7
Qatar-10,F,6124,1.25,1.16,0.016,0.3,4.3,3.2,0.823,12.868,11.382,12.6978,V,7
HD 197037,F,6150,1.1,1.11,-0.2,0.239,4.4,1.9,1.03864,6.82294,5.488,6.67106,V,7
HD 205739,F,6176,1.33,1.22,0.19,0.36,4.29,2.84,0.67944,8.56,7.299,8.41991,V,7
HD 86264,F,6210,1.88,1.42,0.202,0.66,4.02,2.24,0.38025,7.41,6.224,7.28372,V,7
KELT-16,F,6236,1.36,1.21,-0.002,0.401,4.25,3.1,0.679,11.717,10.642,11.7959,V,7
HD 89744,F,6291,2.13,1.86,0.224,0.796,4.07,1.88,0.17589,5.73469,4.454,5.60551,V,7
HD 221287,F,6304,1.14,1.25,-0.03,0.22,4.43,1.3,1.21286,7.82,6.569,7.68153,V,7
HD 1666,F,6317,1.93,1.5,0.37,0.73,4.06,1.76,0.18152,8.17,6.964,8.05121,V,7
Kepler-39,F,6350,1.4,1.29,0.1,0.346,4.4,2.1,0.66,14.355,12.918,14.2622,V,7
tau Boo,F,6466.27,1.43,1.32,0.264,0.505,4.25,2,0.64193,4.48635,3.507,4.36617,V,7
WASP-180 A,F,6600,1.19,1.3,0.1,0.315,4.42,1.2,1.17,10.655,9.812,10.9134,V,7
HD 114762,F,5869,1.2,0.8,-0.72,0.221,4.18,13,0.7917,7.3,5.813,7.13955,,8
HD 86081,F,5939,1.46,1.21,0.22,0.38,4.18,3.61,0.35125,8.73,7.299,8.58804,,8
WASP-142,F,6010,1.64,1.33,0.26,0.513,4.13,2,0.42,12.871,11.442,12.7568,,8
HD 148164,F,6032,1.34,1.21,0.24,0.33,4.16,2.41,0.50654,8.23,6.906,8.0907,,8
WASP-71,F,6050,1.82,0.76,0.15,0.768,3.9,3,0.18,10.56,9.32,10.5678,,8
HD 8574,F,6064,1.38,1.34,0.01,0.376,4.28,5.6,0.5598,7.12,5.784,6.98345,,8
HAT-P-29,F,6087,1.3,1.45,0.21,0.272,4.34,2.2,0.93,11.825,10.297,11.7336,,8
HD 332231,F,6089,1.28,1.13,0.036,0.305,4.28,4.3,0.766,8.558,7.242,8.41839,,8
KELT-6,F,6102,1.73,1.42,-0.28,0.493,4.07,6.1,0.39,10.371,9.083,10.1934,,8
WASP-169,F,6110,2.01,1.34,0.06,0.789,3.96,3.802,0.234,12.167,10.483,11.7206,,8
HD 31253,F,6130,1.75,1.7,0.17,0.517,4.18,3,0.25572,7.13266,5.792,6.98479,,8
WASP-28,F,6150,1.09,1.02,-0.29,0.15,4.37,5,1.104,12.274,10.732,12.0286,,8
WASP-99,F,6150,1.64,1.21,0.21,0.543,4.3,3,0.39,9.475,8.088,9.3251,,8
HAT-P-16,F,6158,1.24,1.22,0.17,0.294,4.34,2,1.104,10.911,9.553001,10.7568,,8
WASP-94 A,F,6170,1.48,1.67,0.26,0.51,4.27,2.7,0.73,10.051,8.874,10.0285,,8
WASP-150,F,6218,1.65,1.39,0.156,0.558,4.15,2.95,0.619,12.026,10.747,11.9151,,8
HD 132563,F,6289,1.3,1.23,-0.06,0.374,4.3,2.31,0.79769,8.928001,7.431,8.85821,,8
TOI-677,F,6295,1.28,1.18,0,0.312,4.29,2.92,0.8,9.822,8.429,9.66082,,8
KELT-2 A,F,6327,1.93,1.54,0,0.689,4.5,3.97,0.3,8.68,7.346,8.58393,,8
HAT-P-24,F,6373,1.38,1.37,-0.16,0.408,4.27,2.8,0.74,11.762,10.543,11.6396,,8
HAT-P-2,F,6380,1.39,1.33,0.18,0.53,4.16,1.44,0.434,8.72,7.603,8.59842,,8
HAT-P-56,F,6566,1.47,1.42,0,0.553,3.39,2.01,0.63,10.92,9.83,10.8245,,8
CoRoT-21,F,6200,1.95,1.29,0,0.705,3.7,4.1,0.255,16.058,13.813,15.8558,IV,8
HD 156411,F,5900,2.16,1.25,-0.12,0.731,4.07,4.28,0.11979,6.67,5.17,6.5121,IV-V,8
HD 30562,F,5882,1.61,1.12,0.2,0.45,4.07,3.6,0.34122,5.77466,4.31,5.61828,V,8
HD 217786,F,5966,1.27,1.02,-0.135,0.276,4.35,7.6,0.77578,7.78,6.352,7.63573,V,8
HD 50554,F,5987,1.02,1.04,-0.04,0.143,4.38,2.16,1.08476,6.8561,5.467,6.69786,V,8
Kepler-74,F,6000,1.12,1.18,0.42,0.332,4.44,0.8,1.3,14.487,12.958,14.3652,V,8
HD 23596,F,6040,1.53,1.47,0.28,0.458,4.23,5.68,0.39478,7.26122,5.874,7.10356,V,8
Kepler-43,F,6041,1.42,1.32,0.33,0.326,4.26,0.69,0.737,13.986,12.549,13.8894,V,8
OGLE-TR-56,F,6050,1.74,1.17,0.25,0.35,4.09,3,0.361,15.3,,12.909225,V,8
HD 231701,F,6101,1.53,1.21,0.05,0.47,4.31,3.43,0.52688,8.97,7.657,8.83051,V,8
ups And,F,6105.51,1.56,1.3,0.101,0.525,4.07,5,0.36993,4.09565,2.859,3.98687,V,8
WASP-103,F,6110,1.44,1.22,0.06,0.413,4.22,4,0.583,12.402,10.767,12.1931,V,8
HD 153950,F,6124,1.28,1.25,-0.01,0.346,4.32,4.3,0.61762,7.39,6.006,7.23813,V,8
HD 25171,F,6125,1.23,1.08,-0.12,0.276,4.26,4.802,0.94486,7.77,6.489,7.638,V,8
Kepler-117,F,6150,1.61,1.13,-0.04,0.538,4.1,5.3,0.41,14.282,13.011,14.2472,V,8
HD 40979,F,6165,1.21,1.45,0.2,0.291,4.43,3.56,0.86779,6.75512,5.452,6.59963,V,8
HD 179949,F,6168,1.25,1.21,0.137,0.301,4.34,1,0.85977,6.25,4.936,6.1106,V,8
K2-98,F,6172,1.57,1.2,-0.06,0.504,4.13,5.2,0.633,12.216,10.869,12.0398,V,8
WASP-38,F,6180,1.52,1.76,-0.02,0.453,4.25,3.29,0.71,9.391,7.998,9.20974,V,8
HD 19994,F,6188,1.8,1.36,0.27,0.58,4.29,2.4,0.27721,5.06345,3.748,4.93038,V,8
HD 110082,F,6200,1.19,1.21,0.08,0.281,4.2,0.25,1,9.23,8.002,9.11523,V,8
TrES-4,F,6200,1.66,1.08,0.14,0.726,4.06,2.2,0.33,11.932,10.33,11.4731,V,8
HD 212301,F,6239,1.16,1.55,0.18,0.243,4.5,1,1.08321,7.76,6.466,7.63495,V,8
HD 196885 A,F,6254,1.31,1.28,0.22,0.38,4.31,3.12,0.56805,6.39677,5.072,6.26141,V,8
HD 13908,F,6255,1.67,1.29,0.01,0.602,4.11,2.9,0.23621,7.52,6.21,7.3845,V,8
HD 169830,F,6299,1.2,1.4,0.21,0.662,4.1,2.8,0.21453,5.9,4.688,5.77641,V,8
HD 67087,F,6330,1.55,1.36,0.25,0.54,4.19,1.45,0.63218,8.05,6.866,7.92235,V,8
NGTS-9,F,6330,1.38,1.34,0.31,0.389,4.37,0.96,0.64571,12.868,11.452,12.6547,V,8
HD 108147,F,6255.73,1.21,1.22,0.18,0.303,4.36,3.2,0.97901,6.99,5.721,6.85345,V,9
HAT-P-43,F,5645,1.1,1.05,0.23,0.045,4.37,5.7,1.05193,13.279,11.764,13.2165,,9
WASP-141,F,5900,1.37,1.25,0.29,0.315,4.26,5,0.69,12.65,11.194,12.4822,,9
HD 220773,F,5940,1.68,1.16,0.09,0.498,4.24,4.4,0.33411,7.10831,5.651,6.94595,,9
WASP-20,F,5940,1.39,1.2,-0.008,0.338,4.23,7,0.63,10.675,9.39,10.6503,,9
WASP-176,F,5941,1.93,1.34,0.164,0.617,4,4.81,0.371,12.006,10.648,11.9392,,9
WASP-74,F,5990,1.42,0.98,0.39,0.4,4.39,3.7,0.48,9.75,8.221,9.5723,,9
WASP-73,F,6030,2.55,2.52,0.14,0.795,3.93,4.3,0.21,10.468,9.028,10.2607,,9
CoRoT-25,F,6040,1.19,1.09,-0.01,0.141,4.31,4.5,0.64637,14.79,12.846,14.711,,9
WASP-117,F,6040,1.22,1.29,-0.11,0.274,4.28,4.6,1,10.139,8.78,10.0269,,9
WASP-94 B,F,6040,1.35,1.24,0.23,0.351,4.26,4,0.54332,10.589,9.188,10.4055,,9
WASP-124,F,6050,1.02,1.07,-0.02,0.149,4.44,2.1,1.39,12.724,11.31,12.5754,,9
WASP-106,F,6055,1.31,0.93,-0.09,0.422,4.23,7,0.57,11.21,10.161,11.3659,,9
WASP-54,F,6100,1.76,1.08,-0.27,0.575,4,6.9,0.28,10.413,9.035,10.2441,,9
WASP-75,F,6100,1.26,1.14,0.07,0.304,4.29,3.5,0.79,11.591,10.062,11.3347,,9
WASP-159,F,6120,2.11,1.41,0.22,0.678,3.94,3.4,0.21,12.836,11.017,12.2951,,9
K2-107,F,6061,1.81,1.3,0.14,0.464,4.04,4.25,0.457,13.012,11.21,12.7669,IV,9
HD 224538,F,6097,1.54,1.34,0.27,0.47,4.19,2,0.53144,8.06,6.76,7.92192,iV-V,9
WASP-168,F,6000,1.12,1.08,-0.01,0.155,4.37,3.96,1.1,12.124,10.443,11.7139,V,9
CoRoT-14,F,6035,1.21,1.13,0.05,0.119,4.35,4.2,0.91,15.932,13.806,15.8116,V,9
WASP-166,F,6050,1.22,1.19,0.19,0.283,4.34,2.1,0.92,9.351,8.032,9.257,V,9
CoRoT-19,F,6090,1.65,1.21,-0.02,0.544,4.07,5,0.38,14.135,11.837,13.7831,V,9
CoRoT-6,F,6090,1.02,1.05,-0.2,0.026,4.43,2.5,1.31,13.961,12.119,13.7459,V,9
K2-237,F,6099,1.38,1.23,0,0.285,4.27,2.55,0.663,11.602,10.217,11.4668,V,9
CoRoT-5,F,6100,1.19,1,-0.25,0.18,4.19,6.9,1.01,14.043,12.546,13.9021,V,9
HD 10647,F,6218,1.1,1.11,0,0.149,4.62,1.4,1.2517,5.52,4.34,5.38178,V,9
HD 23079,F,5974,1.07,1.12,-0.13,0.133,4.43,2,1.22361,7.12,5.705,6.96235,V,9.5
HD 38283,F,5981,1.49,1.37,-0.18,0.411,4.23,6.2,0.46608,6.69,5.267,6.54392,V,9.5
HD 7449,F,6024,0.97,1.05,-0.105,0.101,4.51,2.1,1.45002,7.5,6.084,7.34996,V,9.5
Kepler-78,G,5089,0.75,0.84,-0.14,-0.498,4.6,0.625,2.84,11.717,9.586,11.5287,,
HATS-5,G,5304,0.87,0.94,0.19,-0.268,4.53,3.6,1.8907,12.598,10.703,12.4288,,
TOI-849,G,5373.8,0.92,0.93,0.19,-0.218,4.48,6.7,1.685,11.981,10.418,12.0645,,
HATS-4,G,5403,0.93,1,0.43,-0.187,4.51,2.1,1.35215,13.516,11.612,13.2862,,
HATS-28,G,5498,0.92,0.93,0.01,-0.157,4.48,6.2,1.67,13.981,12.086,13.7929,,
K2-113,G,5660,1.24,1.04,0.27,0.009,4.27,5.9,0.987,13.744,11.949,13.5039,,
HATS-29,G,5670,1.07,1.03,0.16,0.029,4.39,5.5,1.17,12.62,10.877,12.4594,,
NGTS-12,G,5690,1.59,1.02,-0.03,0.338,4.04,9.4,0.359,12.382,10.588,12.1279,,
HATS-25,G,5715,1.11,0.99,0.02,0.068,4.35,7.5,1.03,13.172,11.416,12.9353,,
HD 110113,G,5732,0.97,1,0.14,-0.032,4.46,4,1.51187,10.09,8.502,9.91036,,
TOI-481,G,5735,1.66,1.14,0.26,0.435,4.06,6.7,12.52,9.972,8.443,9.84659,,
BD+20 594,G,5766,1.08,1.67,-0.15,-0.056,4.5,3.34,1.89,10.849,9.368,10.8644,,
HATS-30,G,5943,1.06,1.09,0.06,0.097,4.42,2.3,1.29,12.283,10.793,12.0815,,
HAT-P-5,G,5960,1.12,1.04,0.24,0.187,4.37,2.6,1.04,11.954,10.481,11.8224,,
HD 213885,G,5978,1.1,1.07,-0.04,0.139,4.38,3.8,1.127,7.95,6.419,7.80173,,
HATS-18,G,5600,1.02,1.04,0.28,-0.032,4.44,4.2,1.37,14.188,12.289,13.8786,V,
HATS-23,G,5780,1.2,1.12,0.28,0.155,4.33,4.2,0.91,13.84,12.262,13.752,V,
HATS-17,G,5846,1.09,1.13,0.3,0.093,4.42,2.1,1.22,12.402,10.698,12.2179,V,
HD 233832,G,4981,0.68,0.71,-0.66,-0.523,4.49,5.417,2.87189,10.15,8.013,9.94557,,0
HD 171028,G,5671,2.47,1.53,-0.48,0.733,3.84,8.59,0.08728,8.292,6.604,8.10233,,0
HD 132406,G,5783,1.34,1.03,0.14,0.26,4.2,7.187,0.58387,8.45,6.87,8.28075,,0
HD 149143,G,5856,1.44,1.2,0.29,0.35,4.25,4.28,0.28619,7.89,6.434,7.74081,,0
HD 13931,G,5867,1.25,1.3,0.05,0.196,4.36,8.4,0.71013,7.61,6.139,7.45464,,0
HD 106252,G,5874,1.1,1.01,-0.06,0.128,4.36,4.19,1.0698,7.41,5.929,7.26281,,0
HAT-P-23,G,5905,0.96,0.58,0.15,0.199,4.33,4,0.92,11.937,10.791,12.1741,,0
HD 155358,G,5905,1.38,1.15,-0.6,0.299,4.22,10.7,0.62377,7.28,5.808,7.12074,,0
WASP-68,G,5910,1.79,1.49,0.22,0.505,4.17,5.7,0.36,10.674,8.948,10.4092,,0
WASP-153,G,5914,1.73,1.34,0.34,0.46,4.1,4,0.37,12.591,11.051,12.4967,,0
HD 214823,G,5933,2.04,1.31,0.14,0.67,4.05,4.34,0.15941,8.06,6.64,7.91589,,0
WASP-114,G,5940,1.43,1.29,0.14,0.333,4.3,4.3,0.619,12.685,11.074,12.5227,,0
HD 89307,G,5955,1.1,1.27,-0.13,0.131,4.46,2.31,1.17883,7.02569,5.564,6.86817,,0
HD 75898,G,5963,1.58,1.26,0.28,0.46,4.21,3.56,0.33922,8.03,6.662,7.89597,,0
WASP-171,G,5965,1.64,1.17,0.04,0.672,4.08,5.908,0.381,12.612,11.104,12.4407,,0
HD 16175,G,5981,1.72,1.63,0.3,0.508,4.18,3.3,0.23958,7.297,5.853,7.1291,,0
HAT-P-66,G,6002,1.88,1.25,0.035,0.615,3.99,4.66,0.269,13.014,11.675,12.8922,,0
WASP-131,G,6030,1.53,1.06,-0.18,0.53,4.09,4.5,0.411,10.068,8.573,9.86708,,0
HD 74156,G,6068,1.48,1.24,0.11,0.401,4.14,3.7,0.47904,7.61,6.209,7.46934,,0
EPIC 211945201,G,6069,1.39,1.17,0.1,0.373,4.22,3.99,2.253,10.154,8.837,10.0512,,0
HD 43691,G,6093,1.6,1.32,0.33,0.5,4.28,2.39,0.30873,8.03,6.7,7.8972,,0
HD 75289,G,6117,1.23,1.29,0.26,0.312,4.37,5.6,0.71252,6.35,5.012,6.21047,,0
HD 149026,G,6179,1.41,1.42,0.32,0.48,4.37,2.6,0.72,8.15,6.819,8.01416,,0
HD 152843,G,6310,1.43,1.15,-0.16,0.45,4.19,3.97,0.568,8.855,7.629,8.76412,,0
HATS-11,G,6563,1.54,1.33,0.03,0.403,4.19,7.7,0.479,14.06,12.243,13.8333,,0
HD 219828,G,5807,1.61,1.18,0.18,0.42,4.17,5.69,0.32597,8.04,6.53,7.88338,IV,0
TOI-813,G,5907,1.94,1.32,0.1,0.619,3.86,3.73,0.254,10.358,9.029,10.2352,IV,0
HD 185269,G,5923,2,1.3,0.11,0.694,3.92,4,0.16236,6.67973,5.26,6.51831,IV,0
K2-99,G,6217,2.63,1.63,0.21,0.961,3.81,2.4,0.099,11.149,9.72,10.9485,IV,0
HD 210277,G,5538,1.07,1.01,0.22,-0.032,4.38,12,0.99454,6.54348,4.799,6.34701,V,0
rho CrB,G,5627,1.36,0.89,-0.31,0.232,4.12,10,0.64638,5.40816,3.857,5.24167,V,0
Qatar-8,G,5738,1.31,1.03,0.025,0.228,4.21,8.3,0.641,11.71,9.937,11.3494,V,0
HD 1461,G,5765,1.13,1.02,0.19,0.095,4.38,7.12,1.00918,6.47933,4.897,6.29454,V,0
HR 5183,G,5794,1.53,1.07,0.1,0.397,4.02,7.7,0.43147,6.33432,4.851,6.17464,V,0
HD 24040,G,5802,1.3,1.11,0.19,0.276,4.26,6.68,0.55399,7.515,5.969,7.33476,V,0
HD 114729,G,5844,1.47,0.94,-0.33,0.421,4.05,10.116,0.37483,6.68,5.136,6.51382,V,0
TrES-2,G,5850,1.12,1.36,-0.15,0.038,4.43,3.55,1.38,11.254,9.846,11.2819,V,0
47 UMa,G,5872,1.21,1.06,0.04,0.198,4.3,6.48,0.83662,5.03352,3.75,4.87837,V,0
HD 34445,G,5879,1.38,1.14,0.18,0.303,4.21,8.5,0.4672,7.31,5.79,7.14947,V,0
CoRoT-23,G,5900,1.61,1.14,0.05,0.087,4.3,7.2,0.5,15.675,12.364,15.0681,V,0
WASP-185,G,5900,1.5,1.12,-0.02,0.412,4.13,6.6,0.47,11.101,9.505,10.8949,V,0
HD 17674,G,5904,1.18,0.98,-0.16,0.205,4.34,8.4,0.85881,7.535,6.093,7.40113,V,0
WASP-192,G,5910,1.32,1.09,0.14,0.282,4.24,5.7,0.671,12.678,11.137,12.5347,V,0
CoRoT-13,G,5945,1.01,1.09,0.01,0.073,4.46,1.635,1.468,15.005,13.376,14.9147,V,0
KELT-10,G,5948,1.21,1.11,0.09,0.217,4.32,4.5,0.889,10.617,9.338,10.7009,V,0
CoRoT-1,G,5950,1.11,0.95,-0.3,0.298,4.25,1.6,0.93,13.623,12.149,13.457,V,0
HATS-36,G,5950,1.1,1.1,0.15,0.215,4.4,0.62,1.19,14.364,12.809,14.233,V,0
HD 150706,G,5961,0.96,1.17,-0.01,0.032,4.5,3,1.65625,7.03,5.565,6.85038,V,0
Kepler-66,G,5962,0.97,1.04,-0.2,0.051,4.48,1,1.62,15.29,13.621,15.1474,V,0
HAT-P-1,G,5980,1.17,1.15,0.13,0.225,4.36,3.6,0.908,9.827,8.858,10.1786,V,0
HD 216435,G,5999,1.8,1.3,0.244,0.557,4.15,3,0.28418,6.03,4.612,5.88357,V,0
WASP-184,G,6000,1.65,1.23,0.12,0.501,4.09,4.7,0.38,12.771,11.262,12.5673,V,0
Qatar-3,G,6007,1.27,1.15,-0.041,0.279,4.29,0.31,0.78,12.929,11.219,12.8203,V,0
HD 55696,G,6012,1.52,1.29,0.37,0.43,4.03,2.64,0.3247,7.95,6.591,7.81135,V,0
HD 11506,G,6030,1.34,1.24,0.34,0.33,4.43,2.3,0.6413,7.51,6.168,7.37382,V,0
HD 39091,G,6037,1.1,1.09,0.08,0.16,4.42,2.98,1.148,5.65,4.241,5.5128,V,0
HD 156846,G,6090,1.9,1.38,0.15,0.697,4.02,2.4,0.20369,6.5,5.149,6.3623,V,0
HD 209458,G,6091,1.19,1.23,0.01,0.231,4.45,3.1,1.04,7.65,6.308,7.50866,V,0
HD 187085,G,6117,1.27,1.19,0.12,2.13,4.28,2.747,0.6538,7.22,5.876,7.07508,V,0
HD 159243,G,6123,1.12,1.12,0.05,0.114,4.55,1.25,1.17388,8.65,7.297,8.51188,V,0
Kepler-1655,G,6148,1.03,1.03,-0.24,0.143,4.36,2.56,1.3,11.045,9.785,11.0141,V,0
K2-100,G,6168,1.22,1.23,0.26,0.25,4.35,0.79,3.217,10.651,9.182,10.4053,V,0
psi 1 Dra B,G,6212,1.26,1.19,0.01,0.326,4.2,3.3,0.88558,5.808,4.527,5.64766,V,0
GJ 504,G,6234,1.26,1.22,0.28,0.332,4.6,0.16,0.63882,5.18799,4.033,5.04156,V,0
XO-7,G,6250,1.48,1.41,0.432,0.431,4.25,1.18,0.45108,10.521,9.241,10.4575,V,0
HD 213240,G,5979,1.51,1.57,0.15,0.429,4.27,4.6,0.44103,6.81,5.354,6.65761,V,0
TOI-837,G,6047,1.02,1.12,-0.069,0.041,4.47,0.035,1.4,10.635,8.933,10.356,V,0
HN Peg,G,5927.14,1.01,1.08,-0.036,0.055,4.46,3.1,1.47538,5.97707,4.559,5.82363,V,0
HD 52265,G,6136,1.32,1.2,0.21,0.297,4.36,3.5,0.57144,6.29351,4.953,6.15257,V,0
HR 810,G,6167,1.13,1.34,0.16,0.253,4.46,2.72,1.0501,5.4,4.138,5.25587,V,0
HD 141004,G,5885.38,1.39,1.05,0.025,0.346,4.17,6.32,0.60737,4.4154,2.989,4.27965,V,0
WASP-151,G,5871,1.14,1.08,0.1,0.145,4.35,5.1,1.02,12.821,11.187,12.6278,,1
WASP-113,G,5890,1.61,1.32,0.1,0.516,4.2,6.2,0.447,11.761,10.311,11.6041,,1
WASP-129,G,5900,0.9,1,0.15,0.112,4.53,1,1.94,12.179,10.412,11.8127,,1
HD 142,G,6245,1.47,1.23,0.09,0.474,4.62,3.12,0.55028,5.7,4.474,5.58442,IV,1
HIP 67522,G,5675,1.38,1.22,0,0.243,4.2,0.017,0.65,9.79,8.164,9.63261,V,1
Kepler-426,G,5725,0.92,0.91,-0.21,-0.089,4.47,6,1.17,15.032,13.212,14.8069,V,1
XO-1,G,5750,0.88,0.88,0.02,-0.086,4.51,0.9,1.79,11.251,9.527,11.004,V,1
HD 16417,G,5841,1.64,1.2,0.06,0.443,4.16,7,0.35078,5.78,4.246,5.61319,V,1
HD 86226,G,5863,1.05,1.02,0.018,0.072,4.4,4.6,1.233,7.93,6.463,7.7713,V,1
TOI-169,G,5880,1.29,1.15,0.24,0.253,4.28,4.7,0.756,12.355,10.815,12.2379,V,1
WASP-60,G,5900,1.17,1.19,-0.04,0.347,4.2,1.7,1.03,11.67,10.585,12.0196,V,1
HD 10180,G,5911,1.11,1.06,0.08,0.173,4.39,4.3,0.92213,7.33,5.868,7.17261,V,1
HD 142415,G,5940,1.04,1.07,0.13,0.06,4.44,1.1,1.30524,7.33,5.892,7.17789,V,1
HD 147873,G,5972,2.29,1.38,0.03,0.777,3.86,4,0.11307,7.96,6.581,7.81828,V,1
WASP-22,G,6000,1.24,1.46,-0.05,0.245,4.5,3,1.08,11.99,10.318,11.5821,V,1
HD 196067,G,6017,1.73,1.29,0.18,0.572,4.24,3.3,0.31274,6.51,5.08,6.33009,V,1
HD 50499,G,6102,1.35,1.25,0.26,0.376,4.25,2.391,0.50998,7.21,5.836,7.0564,V,1
HD 20782,G,5782.13,1.13,1.04,-0.054,0.107,4.35,5.53,1.02483,7.36,5.827,7.19283,V,1
HD 45184,G,5869,1.05,1.03,0.04,0.053,4.47,6.8,1.28221,6.383,4.871,6.21037,V,1.5
HD 70573,G,5737,0.98,1,-0.18,-0.001,4.59,0.102,1.65157,8.667,7.191,8.54261,V,1.5
Kepler-452,G,5757,1.11,1.04,0.21,0.084,4.32,6,0.84,13.54,11.852,13.4048,,2
K2-111,G,5775,1.25,0.84,-0.46,0.279,4.25,12.3,0.6,11.13,9.377,10.9294,,2
WASP-126,G,5800,1.27,1.12,0.207,0.159,4.28,6.4,0.79,10.994,9.598,11.0665,,2
WASP-95,G,5830,1.23,1.46,0.14,0.178,4.36,2.4,1.09,10.092,8.564,9.93697,,2
HAT-P-65,G,5835,1.86,1.21,0.1,0.555,3.98,5.46,0.266,13.121,11.528,12.9952,,2
WASP-181,G,5839,0.96,1.04,0.09,0.049,4.49,2.5,1.64,12.924,11.443,12.783,,2
CoRoT-27,G,5900,1.08,1.05,-0.1,-0.166,4.4,4.21,1.24,15.774,12.985,15.3902,,2
CoRoT-31,G,5700,2.15,1.25,0,0.398,3.85,4.7,0.1518,15.479,13.426,15.4655,IV,2
Kepler-44,G,5800,1.35,1.12,0.15,0.347,4.22,5.8,0.63,14.803,12.878,14.6901,IV,2
HD 183263,G,5948,1.23,1.31,0.29,0.25,4.37,8.13,0.69443,7.86,6.422,7.71818,IV,2
K2-238,G,5630,1.59,1.19,0.34,0.36,4.11,5.63,0.0775,13.973,12.032,13.6635,V,2
HD 222155,G,5701,1.85,1.21,-0.18,0.509,3.99,8.2,0.24399,7.11716,5.51,6.93563,V,2
CoRoT-17,G,5740,1.59,1.04,0,0.134,4.4,10.7,0.32,16.29,12.472,15.4368,V,2
Qatar-5,G,5747,1.08,1.13,0.377,0.056,4.43,0.53,1.286,12.614,10.956,12.5241,V,2
Kepler-41,G,5750,1.29,1.15,0.38,0.262,4.28,4.4,0.754,14.509,12.892,14.413,V,2
KELT-8,G,5754,1.46,0.81,0.27,0.265,4.08,5.4,0.37,10.845,9.177,10.6699,V,2
WASP-157,G,5772,1.1,1.06,0.25,0.079,4.38,1.6,1.4,12.397,10.764,12.1818,V,2
Kepler-17,G,5781,1.01,1.04,0.26,0.012,4.45,1.8,1.42165,14.314,12.585,14.1311,V,2
HD 164595,G,5790,1.02,0.99,-0.04,0.017,4.44,7.12,1.34121,7.08597,5.482,6.89472,V,2
HD 133131 A,G,5799,0.96,0.95,-0.306,-0.017,4.39,9.7,1.7157,7.66,6.895,8.27532,V,2
Kepler-427,G,5800,1.35,0.96,-0.19,0.29,4.14,7,0.4,14.301,12.777,14.1964,V,2
WASP-58,G,5800,1.22,1.06,-0.45,0.16,4.27,12.8,0.83,11.652,10.285,11.6347,V,2
HD 133131 B,G,5805,0.99,0.93,-0.281,-0.009,4.41,9.7,1.7161,8.413,6.896,8.25674,V,2
WASP-164,G,5806,0.93,0.95,-0.01,-0.067,4.46,4.08,1.642,12.603,10.959,12.4679,V,2
Kepler-539,G,5820,0.95,1.05,-0.01,-0.06,4.5,0.91,1.713,12.444,10.915,12.379,V,2
HD 23127,G,5843,1.49,1.21,0.29,0.452,4.15,4.508,0.33294,8.58,7.087,8.42019,V,2
CoRoT-20,G,5880,1.02,1.14,0.14,0.17,4.35,0.1,1.51,14.63,12.513,14.4686,V,2
HD 224693,G,5894,1.93,1.31,0.27,0.61,4.38,4.12,0.23333,8.23,6.808,8.08528,V,2
KELT-23 A,G,5899,1,0.94,-0.105,0.034,4.42,6.4,1.349,10.308,8.904,10.182,V,2
HD 68988,G,5932,1.19,1.28,0.35,0.222,4.4,6,0.77119,8.2,6.743,8.04611,V,2
HD 72659,G,5932,1.46,1.43,-0.02,0.374,4.27,6.5,0.50332,7.46,5.982,7.3107,V,2
OGLE-TR-10,G,5950,1.17,1.14,0.28,0.188,4.18,3.1,0.509,16.006,12.856,15.6845,V,2
HD 117618,G,5990,1.2,1.08,0.028,0.213,4.41,5.6,0.93343,7.17,5.737,7.0216,V,2
HD 121504,G,6027,1.07,1.62,0.15,0.19,4.59,1.2,1.21555,7.54,6.124,7.39023,V,2
HD 208487,G,6067,1.2,1.13,0.022,0.244,4.33,8.15,1.04801,7.47,6.159,7.33164,V,2
HD 6434,G,5769,1.12,1.1,-0.55,0.05,4.38,11.27,1.03725,7.72,6.187,7.5609,V,2.5
HD 216437,G,5909,1.39,1.17,0.2,0.35,4.19,4.75,0.45928,6.04,4.518,5.89397,IV,2.5
HD 82943,G,5935,1.18,1.08,0.26,0.194,4.33,2.35,0.92061,6.54993,5.105,6.38964,V,2.5
HD 81040,G,5755,0.91,1.05,-0.03,-0.076,4.54,0.73,1.88323,7.72,6.159,7.55543,V,2.5
HD 2039,G,5945,1.19,1.23,0.3,0.194,4.38,6,0.95192,9,7.549,8.85974,IV-V,2.5
HD 92987,G,5770,1.58,1.08,-0.08,0.406,4,7.75,0.36375,7.03,5.517,6.85987,V,2.5
HD 141937,G,5870,1.03,1.09,0.11,0.022,4.45,2.32,1.23793,7.25,5.764,7.09149,V,2.5
HD 564,G,5902,1.01,0.96,-0.2,0.019,4.53,5.5,1.87015,8.32,6.893,8.17077,V,2.5
HD 168009,G,5778.33,1.21,0.99,0.018,0.15,4.27,9.68,0.90712,6.295,4.756,6.14052,V,2
HAT-P-21,G,5588,1.21,1.24,0.01,0.025,4.33,10.2,1,11.459,10.111,11.5583,,3
HAT-P-28,G,5680,1.1,1.02,0.12,0.053,4.36,6.1,1.24374,13.098,11.104,12.8718,,3
TIC 237913194,G,5788,1.09,1.03,0.14,0.078,4.38,5.7,1.076,12.144,10.485,11.9371,,3
WASP-173 A,G,5800,1.11,1.05,0.16,0.083,4.37,6.78,1.1,11.15,10.002,11.3975,,3
Kepler-101,G,5667,1.56,1.17,0.33,0.42,4.12,5.9,0.437,13.7,12.011,13.5672,IV,3
HD 154672,G,5743,1.32,1.18,0.25,0.257,4.27,8,0.57949,8.21,6.612,8.03732,IV,3
HD 134060,G,5966,1.16,1.09,0.14,0.158,4.43,5.6,1.01593,6.29,4.836,6.13951,IV,3
HD 27631,G,5737,0.92,0.94,-0.12,-0.056,4.46,4.01,1.1271,8.26,6.646,8.08478,IV-V,3
HD 195019,G,5751,1.48,1.21,0.05,0.333,4.18,3.2,0.44916,6.87591,5.256,6.72911,IV-V,3
CoRoT-9,G,5625,0.96,0.96,-0.01,-0.254,4.54,6,1.51,13.637,11.688,13.5008,V,3
CoRoT-30,G,5650,0.91,0.98,0.02,-0.197,4.4,3,1.54162,15.571,13.562,15.413,V,3
HD 108236,G,5660,0.88,0.87,-0.28,-0.15,4.49,6.7,1.82,9.25,7.637,9.08745,V,3
K2-292,G,5725,1.09,1,0.07,0.093,4.33,6.8,1.14,9.885,8.407,9.75597,V,3
HATS-16,G,5738,1.24,0.97,-0.1,0.173,4.24,9.5,0.72,13.957,12.28,13.6864,V,3
16 Cyg B,G,5750,1.13,1.08,0.06,0.097,4.36,7.4,1.01103,6.215,4.651,6.06428,V,3
Kepler-412,G,5750,1.29,1.17,0.27,0.269,4.3,5.37,0.97299,14.399,12.837,14.2486,V,3
HD 187123,G,5790,1.15,1.04,0.09,0.127,4.33,7.4,0.96299,7.83,6.337,7.67284,V,3
WASP-21,G,5800,1.06,1.01,-0.22,0.304,4.28,12,0.827,11.59,9.982,11.3987,V,3
HD 109749,G,5824,1.22,1.13,0.24,0.19,4.31,3.3,0.67348,8.08,6.678,8.02456,V,3
HD 125612,G,5841,1.05,1.11,0.22,0.06,4.45,1.77,1.01748,8.31,6.838,8.1559,V,3
HD 131664,G,5892,1.08,1.19,0.3,0.164,4.45,2.4,1.06679,8.13,6.647,7.96631,V,3
HD 220689,G,5921,1.07,1.02,-0.07,0.093,4.36,4.586,0.9754,7.74,6.326,7.59438,V,3
CoRoT-22,G,5939,1.14,1.1,0.17,0.014,4.36,3.3,1.027,13.82,11.988,13.7305,V,3
HD 145377,G,6014,1.05,1.2,0.11,0.193,4.47,1.3,1.20862,9.236,6.706,7.96999,V,3
HD 102365,G,5630,0.95,0.85,-0.26,-0.057,4.57,9,1.65359,4.89,3.489,4.71107,V,3
HD 147513,G,5883,0.98,1.11,0.06,-0.01,4.51,0.3,1.65719,5.37,3.933,5.22664,V,3
HD 98649,G,5790,1.01,1.03,0.05,-0.066,4.51,2.42,1.37018,8,6.419,7.82889,V,3
HD 33283,G,5935,1.97,1.38,0.35,0.64,4.12,3.63,0.2145,8.05,6.646,7.89933,V,3
HAT-P-13,G,5653,1.76,1.32,0.46,0.346,4.13,5,0.23563,10.421,8.975,10.4168,,4
K2-115,G,5657,0.88,0.95,-0.1,-0.145,4.53,10.7,2.663,13.444,11.724,13.2,,4
WASP-133,G,5700,1.44,1.16,0.29,0.305,4.18,6.8,0.55,12.891,11.18,12.7146,,4
WASP-147,G,5702,1.43,1.04,0.092,0.287,4.21,8.47,0.509,12.681,10.857,12.1832,,4
KELT-14,G,5720,1.52,1.24,0.32,0.279,4.17,5.11,0.495,11.001,9.424,10.8384,,4
WASP-70 A,G,5763,1.22,1.11,-0.006,0.162,4.31,9.5,0.872,10.786,9.58,11.0323,,4
HD 38529,G,5541,2.56,1.41,0.51,0.834,3.77,3.09,0.06063,5.92848,4.211,5.74796,IV,4
HD 114613,G,5641,2.14,1.27,0.18,0.608,3.87,4.55,0.14156,4.85,3.303,4.66174,IV,4
HD 37124,G,5492,0.91,0.85,-0.44,-0.112,4.5,4,1.71312,7.68,5.952,7.47238,V,4
K2-60,G,5500,1.12,0.97,0.01,0.282,4.07,10,0.99,12.857,10.993,12.6108,V,4
Kepler-423,G,5560,0.95,0.85,-0.1,-0.018,4.41,11,1.398,14.462,12.779,14.28,V,4
Kepler-38,G,5623,1.75,0.94,-0.11,0.492,3.93,10,0.175,14.015,12.342,13.9066,V,4
HD 126525,G,5638,0.98,0.9,-0.1,-0.04,4.38,9.67,1.41721,7.85,6.215,7.66978,V,4
Kepler-69,G,5638,0.93,0.81,-0.29,-0.097,4.4,9.8,1.37,13.866,12.234,13.712,V,4
NGTS-17,G,5650,1.34,1.02,0.15,0.241,4,9.22,0.61631,14.412,12.724,14.2136,V,4
TrES-3,G,5650,0.83,0.93,-0.2,-0.204,4.57,1,2.322,12.362,10.608,12.1995,V,4
HD 42618,G,5727,1,1.01,-0.09,-0.009,4.44,3.72,1.57325,6.87,5.301,6.68303,V,4
HD 136352,G,5850,1.01,0.91,-0.25,0.034,4.38,8.2,1.234,5.65,4.159,5.48495,V,4
HD 196050,G,5879,1.42,1.31,0.21,0.26,4.25,1.6,0.52347,7.5,6.034,7.3407,V,4
HD 2638,G,5186,0.94,0.77,0.13,-0.33,4.38,3,1.83521,9.44,7.308,9.192761,,5
HD 98736,G,5271,0.93,0.92,0.36,-0.22,4.47,7.39,1.64899,7.93,6.028,7.75446,,5
HAT-P-38,G,5330,0.92,0.89,0.06,-0.208,4.37,10.1,1.20784,12.525,10.501,12.3021,,5
HD 106515 A,G,5362,1.62,0.97,0.03,0.09,4.41,11.7,1.66,7.971,6.151,7.7777,,5
HD 181234,G,5386,1.05,1.01,0.32,-0.099,4.25,6.32,1.26775,8.59,6.689,8.36926,,5
HD 88133,G,5392,2.2,1.26,0.34,0.497,3.88,5.37,0.15836,8.01852,6.199,7.80979,,5
HD 168443,G,5491,1.51,0.99,0.04,0.382,4.07,11.08,0.29172,6.92122,5.211,6.73166,,5
HAT-P-25,G,5519,0.92,1.01,0.294,-0.152,4.52,3.2,1.84,13.146,10.815,12.8416,,5
HD 163607,G,5522,1.76,1.12,0.21,0.42,3.97,8.6,0.24793,8,6.271,7.81298,,5
HIP 14810,G,5544,1.07,1.01,0.24,-0.01,4.32,5.84,1.27778,8.520001,6.828,8.33307,,5
HD 80606,G,5561,1.04,1.15,0.35,-0.002,4.42,5.9,1.45,9.06,7.316,8.82008,,5
HAT-P-15,G,5568,1.07,1,0.22,0,4.38,6.8,1.14,12.41,9.641,11.7232,,5
HD 168746,G,5570,1.09,1.07,-0.08,0.041,4.39,8,1.08973,7.95,6.253,7.77169,,5
HD 89345,G,5576,1.75,1.16,0.421,0.425,4.02,7.53,0.305,9.38,7.721,9.21702,,5
HD 4203,G,5596,1.42,1.25,0.4,0.293,4.23,8.52,0.41525,8.7,7.047,8.51545,,5
HD 108874,G,5600,1.05,1.1,0.26,-0.001,4.44,8,1.06371,8.76,7.06,8.57502,,5
WASP-182,G,5638,1.34,1.08,0.27,0.155,4.22,5.952,0.636,11.98,10.431,11.917,,5
WASP-97,G,5640,1.08,1.18,0.23,0.071,4.45,4.8,1.34,10.57,9.03,10.4238,,5
HD 28185,G,5662,1.03,1.02,0.23,0.016,4.42,7.5,1.1168,7.8,6.185,7.62682,,5
HD 220197,G,5683,0.98,0.91,-0.55,-0.003,4.42,10.165,1.3056,8.92,7.349,8.74481,,5
HD 4113,G,5688,1.08,0.99,0.2,0.086,4.4,6.4,1.10439,7.88,6.289,7.71051,,5
WASP-5,G,5700,1.03,0.96,0.09,0.067,4.39,5.4,1.24,12.147,10.598,11.996,,5
K2-140,G,5705,0.99,1,0.13,-0.049,4.45,4.22,1.477,12.727,10.995,12.4814,,5
HD 32963,G,5727,1.09,0.94,0.11,0.064,4.41,4.99,1.12694,7.6,6.024,7.42756,,5
HD 70642,G,5732,0.98,1.08,0.22,0.012,4.46,0.919,1.23591,7.17,5.574,6.99211,,5
HD 96167,G,5733,1.94,1.27,0.34,0.57,3.99,4.85,0.19703,8.09,6.554,7.92849,,5
WASP-123,G,5740,1.28,1.17,0.18,0.162,4.29,6.9,0.773,11.03,9.362001,10.8999,,5
HD 79498,G,5748,1.05,1.08,0.18,0.03,4.37,2.71,1.00985,8.05,6.53,7.8859,,5
HD 164509,G,5859,1.11,1.12,0.2,0.12,4.44,2.32,1.01495,8.1,6.586,7.95594,,5
HD 17156,G,6040,1.55,1.41,0.19,0.39,4.2,3.37,0.53,8.17,6.763,8.03298,,5
HD 1397,G,5521,2.34,1.32,0.29,0.66,3.82,4.51,0.147,7.79,5.988,7.59336,III/IV,5
HD 10697,G,5600,1.79,1.13,0.17,0.477,3.96,6.98,0.22439,6.28262,4.601,6.10286,IV,5
HD 179079,G,5646,1.63,1.14,0.24,0.38,4.16,6.99,0.2585,7.95,6.311,7.77454,IV,5
HD 188015,G,5746,1.1,1.09,0.289,0.059,4.45,6.61,1.12887,8.24,6.632,8.06588,IV,5
HD 16141,G,5757,1.48,1.11,0.13,0.366,4.14,7.51,0.41293,6.834,5.266,6.65773,IV,5
HD 170469,G,5842,1.24,1.1,0.29,0.204,4.3,6.7,0.69157,8.21,6.707,8.04953,IV,5
HD 48265,G,5733,1.9,1.31,0.3,0.584,3.97,4.201,0.16653,8.05,6.449,7.87925,IV-V,5
HD 68402,G,5950,1.02,1.12,0.29,0.068,4.47,2,1.15978,9.11,7.697,8.95443,IV-V,5
HAT-P-22,G,5302,1.11,1.13,0.24,-0.114,4.36,12.4,1.16,9.763,7.837,9.51936,V,5
HD 73267,G,5387,0.91,0.9,0.07,-0.106,4.45,8.14,1.60129,8.9,7.062,8.67835,V,5
HD 111232,G,5512,0.9,0.84,-0.43,-0.161,4.45,5.2,1.71663,7.59,5.898,7.40535,V,5
Kepler-22,G,5518,0.98,0.97,-0.29,-0.102,4.44,7.08,1.458,11.751,10.152,11.6444,V,5
HIP 91258,G,5519,0.89,0.97,0.23,-0.222,4.53,2.4,1.91925,8.65,6.893,8.45032,V,5
KOI-1257,G,5520,1.13,0.99,0.27,0.029,4.32,9.3,0.99,14.818,12.726,14.6419,V,5
Kepler-77,G,5520,0.99,0.95,0.2,-0.046,4.42,7.5,1.365,14.152,12.361,13.9172,V,5
HD 159868,G,5534,2.13,1.19,-0.08,0.556,3.92,7.57,0.15582,7.24,5.535,7.04579,V,5
HD 45350,G,5566,1.26,0.98,0.23,0.141,4.23,8,0.68347,7.89,6.224,7.7,V,5
61 Vir,G,5577,0.96,0.94,-0.01,-0.095,4.34,8.96,1.44933,4.6955,2.956,4.54052,V,5
HD 154857,G,5589,2.3,1.96,-0.22,0.663,4.01,5.64,0.11859,7.24,5.509,7.04837,V,5
Kepler-1654,G,5597,1.18,1.01,-0.088,0.09,4.3,5,0.876,13.497,11.922,13.4057,V,5
HD 49674,G,5602,1.02,1.03,0.32,-0.022,4.44,3.62,1.23163,8.1,6.432,7.91841,V,5
NGTS-18,G,5610,1.39,1,0.15,0.27,4.16,10.84,0.53884,14.588,12.87,14.3896,V,5
HD 65216,G,5612,0.88,0.87,-0.168,-0.15,4.44,4,2.02264,7.97,6.329,7.7943,V,5
EPIC 220674823,G,5617,0.98,0.97,0.13,-0.119,4.45,5,1.35,12.101,10.344,11.9535,V,5
HAT-P-36,G,5620,1.04,1.03,0.25,0.022,4.42,6.6,1.089,12.146,10.603,12.093,V,5
CoRoT-16,G,5650,1.19,1.1,0.19,-0.435,4.36,6.73,0.93,16.052,12.847,15.6507,V,5
HD 190647,G,5656,1.38,1.07,0.23,0.297,4.16,7.957,0.41818,7.78,6.161,7.5942,V,5
WASP-135,G,5675,0.96,0.98,0.02,-0.326,4.47,0.6,1.58,13.181,11.037,13.0045,V,5
HD 72892,G,5688,1.22,1.02,0.25,0.146,4.27,8,0.90727,8.83,7.216,8.6469,V,5
NGC 2682 YBP 1514,G,5725,0.89,0.96,0.03,-0.018,4.57,4.15,1.12635,14.684,13.105,14.6201,V,5
HD 207832,G,5726,0.89,1.05,0.14,-0.11,4.48,1.36,1.5247,8.78,7.207,8.61176,V,5
HD 134987,G,5736,1.22,1.1,0.28,0.255,4.31,8.4,0.6832,6.47,4.882,6.28994,V,5
NGC 2682 YBP 1194,G,5780,0.99,1.01,0.023,-0.011,4.44,4.15,1.43409,14.569,12.965,14.4666,V,5
HD 109271,G,5783,1.29,1.05,0.1,0.301,4.28,7.3,0.74379,8.04,6.495,7.87816,V,5
HD 204313,G,5783,1.1,1.03,0.16,0.1,4.37,3.38,1.01537,7.99,6.459,7.83246,V,5
HD 183579,G,5788,0.98,1.03,-0.023,0.012,4.5,2.6,1.53,8.67,7.15,8.51549,V,5
HD 222582,G,5790,1.13,1.12,0.01,0.115,4.38,10.24,1.00725,7.68,6.173,7.51889,V,5
HD 107148,G,5797,1.15,1.12,0.314,0.121,4.45,5.6,0.93155,8.01,6.474,7.85111,V,5
HD 160691,G,5807,1.38,1.08,0.302,0.278,4.37,6.4,0.55473,5.12,3.683,4.94916,V,5
HD 63433,G,5640,0.91,0.99,0.017,-0.123,4.53,0.414,1.823,6.92035,5.258,6.71831,IV,5
70 Vir,G,5495,1.89,1.09,-0.09,0.451,3.95,7.77,0.19024,4.96808,3.5,4.76178,V,5
HD 90156,G,5599,0.87,0.84,-0.24,-0.143,4.48,4.4,1.95613,6.92,5.245,6.73951,V,5
HD 4308,G,5686,1.02,0.93,-0.35,-0.004,4.39,4.3,1.23938,6.55,4.945,6.37578,V,5
51 Peg,G,5758,1.18,1.03,0.18,0.136,4.31,10,0.89374,5.45309,3.911,5.28647,V,5
HD 156279,G,5453,0.95,0.95,0.14,-0.146,4.46,4.1,1.49285,8.07,6.269,7.86569,,6
WASP-165,G,5599,1.75,1.25,0.33,0.428,3.93,4.77,0.328,12.816,11.024,12.5435,,6
WASP-56,G,5600,0.96,0.71,0.12,0.103,4.5,6.2,1.14,12.091,10.532,12.0028,,6
WASP-57,G,5600,0.93,0.89,-0.25,-0.005,4.45,2.6,1.568,12.913,11.244,12.7293,,6
WASP-65,G,5600,1.01,0.93,-0.07,0.055,4.4,8,1.28,11.869,10.346,11.7509,,6
WASP-130,G,5625,0.96,1.04,0.26,-0.032,4.49,2,1.66,11.104,9.461,10.9717,,6
HD 190360,G,5552,1.14,0.99,0.24,0.066,4.32,8.5,0.867,5.738,4.076,5.55436,IV,6
HD 175607,G,5392,0.7,0.71,-0.62,-0.271,4.64,10.32,2.22215,8.6,6.881,8.40957,V,6
K2-30,G,5425,0.84,0.9,-0.15,-0.256,4.54,3.9,2.11,13.547,11.088,13.2056,V,6
DS Tuc A,G,5428,0.96,1.01,0,-0.14,4.6,0.045,2.4,8.17,6.676,8.31926,V,6
KOI-142,G,5466,0.9,0.99,0.27,-0.165,4.53,1.6,1.50172,13.209,11.454,13.1048,V,6
HD 143361,G,5507,0.92,0.97,0.14,-0.092,4.47,2.942,1.24457,9.2,7.488,9.01602,V,6
GJ 3021,G,5540,0.9,0.9,0.1,-0.18,4.7,0.37,2.0094,6.59,4.859,6.39729,V,6
NGTS-15,G,5600,0.95,0.99,0.15,-0.086,4.4,3.28,1.61507,14.669,12.907,14.4299,V,6
WASP-46,G,5600,0.86,0.83,-0.3,-0.111,4.49,9.6,1.845,13.043,11.401,12.8519,V,6
WASP-49,G,5600,0.97,0.92,-0.23,-0.053,4.5,11.9,1.43,11.352,9.749,11.2907,V,6
HD 73526,G,5601,1.53,1.14,0.22,0.338,4.12,9.2,0.33748,8.99,7.302,8.79682,V,6
HD 76700,G,5644,1.37,0.99,0.31,0.257,4.16,11,0.5038,8.16,6.5,7.97348,V,6
HD 102117,G,5655,1.23,1.06,0.28,0.157,4.29,10,0.74131,7.47,5.833,7.28191,V,6
HD 47186,G,5657,1.08,0.96,0.24,0.043,4.36,6.5,1.05709,7.63,6.005,7.44897,V,6
HD 92788,G,5744,1.14,1.15,0.27,0.02,4.39,2.55,0.95143,7.31637,5.721,7.13929,V,6
HD 202206,G,5766,1.04,1.07,0.3,0.035,4.5,2.9,1.24997,8.08,6.485,7.91051,V,6
HD 152079,G,5907,1.13,1.15,0.29,0.107,4.37,1.622,0.89128,9.18,7.634,9.01051,V,6
WASP-64,G,5400,1.06,1,-0.08,-0.022,4.39,1.2,1.196,12.704,10.956,12.5257,,7
HAT-P-51,G,5449,1.04,0.98,0.27,-0.066,4.39,8.2,1.223,13.51,11.614,13.2846,,7
WASP-98,G,5473,0.74,0.81,-0.49,-0.358,4.61,2.7,2.801,13.252,11.284,12.8678,,7
K2-261,G,5537,1.65,1.1,0.36,0.372,4.21,8.8,0.35,10.612,8.89,10.4594,IV-V,7
K2-29,G,5358,0.86,0.94,0.16,-0.295,4.54,2.6,2.9,12.532,10.062,12.2008,V,7
LTT 9779,G,5443,0.95,0.77,0.27,-0.149,4.35,1.9,1.81,9.79,8.016,9.60006,V,7
NGTS-16,G,5550,1.21,1,0.35,0.117,4.35,10.29,0.67558,14.529,12.647,14.2311,V,7
HD 4208,G,5717,0.85,0.88,-0.28,-0.1,4.5,3.813,1.73372,7.783,6.163,7.61066,V,7
HAT-P-27,G,5316,0.86,0.92,0.3,-0.269,4.53,4.4,1.99758,12.052,10.109,11.9562,,8
WASP-4,G,5400,0.89,0.86,-0.07,-0.179,4.47,7,1.711,12.483,10.746,12.3162,,8
WASP-104,G,5475,0.96,1.08,0.32,-0.19,4.5,3,1.7,11.779,9.882,11.5931,,8
WASP-83,G,5510,1.05,1.11,0.29,-0.05,4.44,5,1.4,12.312,10.393,12.0084,,8
WASP-96,G,5540,1.05,1.06,0.14,0.032,4.42,8,1.299,12.569,10.914,12.3833,,8
HD 126614,G,5568,1.32,1.26,0.54,0.083,4.3,7.2,0.55842,8.81,7.06,8.61907,IV,8
HD 9174,G,5577,1.67,1.03,0.39,0.382,4.03,9,0.28402,8.4,6.744,8.22923,IV,8
HD 221585,G,5620,1.85,1.19,0.29,0.422,4.05,6.2,0.216,7.457,5.781,7.28128,IV,8
HD 217107,G,5622,1.11,1,0.36,0.098,4.34,5.84,0.80093,6.155,4.536,5.96401,IV,8
HD 66428,G,5773,1.1,1.08,0.23,0.096,4.36,3.515,0.91809,8.25,6.66,8.08142,IV,8
EPIC 249893012,G,5430,1.71,1.05,0.2,0.356,3.99,9,0.298,11.429,9.714,11.4019,IV-V,8
HD 117207,G,5732,1.07,1.05,0.19,0.066,4.37,4.192,0.94568,7.26,5.65,7.07737,IV-V,8
K2-138,G,5356.3,0.86,0.94,0.14,-0.287,4.54,2.8,2.064,12.246,10.305,12.0252,V,8
HD 219077,G,5362,1.91,1.05,-0.13,0.425,4,8.9,0.1703,6.12,4.287,5.91597,V,8
WASP-77 A,G,5365,1.09,1.49,-0.34,-0.113,4.33,1,1.64,10.294,8.405,10.0966,V,8
TOI-132,G,5397,0.9,0.97,0.16,-0.222,4.48,6.34,1.89,11.197,9.646,11.3208,V,8
HD 20794,G,5401,0.92,0.7,-0.4,-0.163,4.22,5.76,1.70389,4.26,2.636,4.06635,V,8
WASP-44,G,5420,0.91,0.94,-0.003,-0.198,4.49,10.3,1.77,13.096,11.341,12.8964,V,8
HD 165155,G,5426,0.95,1.02,0.09,-0.155,4.49,11,1.75673,9.36,7.584,9.21413,V,8
HD 191939,G,5427,0.94,0.92,-0.16,-0.161,4.4,7,1.55,8.97,7.18,8.77476,V,8
XO-5,G,5430,1.13,1.04,0.05,-0.06,4.35,8.5,1.01,12.198,10.345,11.9498,V,8
HD 171238,G,5440,1.01,0.96,0.2,-0.09,4.43,7.56,1.73124,8.61,6.831,8.41099,V,8
K2-265,G,5477,0.98,0.92,0.078,-0.18,4.42,9.7,0.98,11.187,9.259,10.9277,V,8
Kepler-447,G,5493,1.05,1,0.07,-0.19,4.4,2.69,1.85322,12.52,10.806,12.3795,V,8
HD 100777,G,5533,1.04,0.83,0.25,0.021,4.32,2,1.15933,8.42,6.735,8.2387,V,8
HD 217850,G,5544,1.21,1.03,0.26,0.1,4.17,7.59,0.56721,8.520001,6.793,8.32065,V,8
WASP-19,G,5568,1,0.9,0.15,-0.059,4.45,11.5,1.258,12.248,10.481,12.1088,V,8
WASP-8,G,5600,1.03,1.34,0.17,-0.058,4.5,4,1.74,9.789,8.086,9.61249,V,8
HD 203030,G,5603,0.86,0.94,0.3,-0.227,4.64,0.22,1.97498,8.45,6.653,8.24663,V,8
HD 30177,G,5607,1.02,1.05,0.39,0.083,4.42,2.525,0.81457,8.41,6.715,8.21511,V,8
tau Cet,G,5310,0.83,0.78,-0.52,-0.305,4.52,12.12,2.24358,3.49607,1.794,3.24854,V,8.5
CoRoT-28,G,5150,1.78,1.01,0.15,0.388,3.6,12,0.27,13.783,11.032,13.4119,IV,8
HD 45652,G,5294,0.94,0.92,0.26,-0.2,4.2,8.4,1.46107,8.1,6.263,7.9118,,8
HD 99109,G,5282,0.98,0.76,0.35,-0.172,4.34,1,1.31503,9.1,7.162,8.86823,IV,8
HD 154345,G,5468,0.85,0.71,-0.11,-0.219,4.43,9.527,2.03569,6.76,5.003,6.56771,V,8
HD 177565,G,5627,0.97,1,0.081,-0.054,4.39,6.88,1.46777,6.15,4.539,5.9739,V,8
WASP-183,G,5313,0.87,0.78,-0.31,-0.209,4.45,14.9,1.68,13.081,11.207,12.8148,,9
K2-229,G,5315,0.79,0.87,-0.09,-0.383,4.59,5.4,2.38,10.985,9.05,10.7861,,9
TOI-157,G,5404,1.17,0.95,0.24,0.02,4.28,12.82,0.842,12.725,10.892,12.5143,IV,9
K2-32,G,5271,0.86,0.83,-0.06,-0.296,4.49,7.9,1.83277,12.304,9.821,12.0036,V,9
CoRoT-7,G,5275,0.83,0.82,0.05,-0.289,4.5,1.75,2,11.728,9.806,11.5239,V,9
HATS-15,G,5311,0.92,0.87,0,-0.204,4.45,11,1.57,14.909,12.724,14.6473,V,9
TOI-421,G,5325,0.87,0.85,-0.02,-0.268,4.49,9.4,2.72,9.931,8.071,9.77776,V,9
Kepler-67,G,5331,0.78,0.86,-0.2,-0.376,4.59,1,2.66,16.172,14.155,16.1723,V,9
K2-263,G,5368,0.85,0.88,-0.08,-0.26,4.51,7,2.02,11.568,9.748,11.4055,V,9
HD 164922,G,5390,0.95,0.93,0.18,-0.149,4.46,9.58,1.32024,7.01227,5.113,6.78614,V,9
HD 30669,G,5400,0.91,0.92,0.13,-0.146,4.37,4.8,1.53008,9.12,7.329,8.90667,V,9
K2-19,G,5430,0.86,0.93,0.1,-0.292,4.63,8,1.76,13.024,11.161,12.8153,V,9
CoRoT-18,G,5440,1,0.95,-0.1,-0.17,4.4,0.032,1.35,14.868,13.014,14.8009,V,9
HD 147018,G,5441,0.94,0.93,0.1,-0.148,4.42,6.36,1.67627,8.3,6.571,8.11145,V,9
HD 63765,G,5449,0.83,0.65,-0.16,-0.256,4.41,4.77,2.26279,8.1,6.316,7.90983,V,9
TOI-561,G,5455,0.85,0.79,-0.33,-0.282,4.47,5,1.809,10.252,8.394,10.0128,V,9
K2-24,G,5625,1.16,1.07,0.34,0.158,4.29,5.1,0.89,11.275,9.18,10.9072,V,6
HD 11964,G,5303,2.01,0.91,0.1,0.459,3.79,7.45,0.15806,6.41525,4.491,6.209,V,9
HD 216770,G,5399,0.93,0.74,0.27,-0.1,4.37,3.1,1.48999,8.11,6.311,7.91638,V,9
Kepler-421,G,5308,0.76,0.79,-0.25,-0.398,4.61,4,1.58,13.611,11.535,13.3477,,9
TOI-178,K,4316,0.65,0.65,-0.23,-0.879,4.45,7.1,3.31,11.955,8.656,11.1523,,
HAT-P-68,K,4508,0.67,0.68,-0.059,-0.779,4.62,11.1,3.165,13.802,11.019,13.5442,,
Kepler-444,K,5046,0.75,0.76,-0.55,-0.425,4.56,11.23,2.493,8.87,6.703,8.643251,,
NGTS-11,K,5050,0.83,0.86,0.22,-0.395,4.5,3.9,2.109,12.456,10.315,12.1895,,
Kepler-1661,K,5100,0.76,0.84,-0.12,-0.513,4.66,2,4.62644,14.357,12.162,14.1933,,
HAT-P-3,K,5185,0.87,1.06,0.27,-0.36,4.56,1.6,2.28,11.856,9.448,11.2795,,
HATS-2,K,5227,0.9,0.88,0.15,-0.268,4.48,9.7,1.43916,13.565,11.386,13.3419,,
HAT-P-17,K,5246,0.87,0.99,0,-0.289,4.53,7.8,2.08,10.375,8.544,10.2743,,
HD 87883,K,4915,0.79,0.66,0.05,-0.498,4.47,9.8,2.22751,7.56,5.314,7.27194,,0
HD 128311,K,4965,0.76,0.83,0.08,-0.512,4.61,0.96,2.60924,7.48,5.142,7.16719,,0
V1298 Tau,K,4970,1.34,1.1,0.139,-0.03,4.25,0.023,0.679,10.115,8.094,10.0702,,0
HD 114783,K,5135,0.84,0.85,0.21,-0.372,4.52,7,2.02586,7.56,5.475,7.31783,,0
WASP-140,K,5260,0.87,0.9,0.12,-0.294,4.51,0.5,1.94,11.118,9.165,10.8202,,0
WASP-162,K,5300,1.11,0.95,0.28,0.054,4.33,12.97,1,12.213,10.466,12.0652,,0
WASP-139,K,5310,0.8,0.92,0.2,-0.345,4.59,0.5,2.5,12.456,10.472,12.2715,,0
WASP-84,K,5314,0.75,0.84,0,-0.325,4.4,1,2.839,10.825,8.855,10.5745,,0
HD 37605,K,5329,0.91,0.94,0.27,-0.22,4.51,5.65,1.36793,8.67,6.815,8.46192,,0
HD 42012,K,5405,0.82,0.83,-0.09,-0.27,4.45,4.1,2.20144,8.44,6.584,8.22949,,0
HD 142022 A,K,5421,1.04,0.9,0.19,0.004,4.35,7,1.21798,7.7,5.964,7.51423,,0
HD 12661,K,5645,1.2,1.2,0.36,0.133,4.36,6.39,0.78842,7.43,5.861,7.24746,,0
HD 118203,K,5864,2.06,1.84,0.23,0.646,4.08,4.6,0.17156,8.05,6.543,7.89255,,0
HD 191806,K,6010,1.4,1.14,0.3,0.348,4.45,2.9,0.54607,8.09,6.639,7.93339,,0
HD 221416,K,5080,2.94,1.21,-0.08,0.712,3.58,4.9,0.06702,8.15,6.043,7.90776,IV/V,0
HD 166724,K,5127,0.8,0.81,-0.09,-0.509,4.43,4,2.4215,9.33,7.246,9.06863,IV/V,0
55 Cnc,K,5172,0.94,0.91,0.35,-0.197,4.43,5.5,1.41851,5.95084,4.015,5.72973,IV/V,0
HD 192263,K,4976,0.74,0.66,0.03,-0.47,4.51,2.09,2.5391,7.79,5.537,7.49558,V,0
HD 26965,K,5072,0.87,0.78,-0.42,-0.34,4.45,6.9,1.98442,4.42018,2.498,4.18665,V,0
Kepler-75,K,5200,0.89,0.91,0.3,-0.215,4.5,6.2,1.85,15.414,13.118,15.1789,V,0
HD 3651,K,5221,0.87,0.8,0.145,-0.274,4.45,3,1.90532,5.88437,3.999,5.65255,V,0
TrES-1,K,5230,0.85,1.04,0.02,-0.301,4.57,3.7,2.37,11.424,9.819,11.5565,V,0
NGTS-8,K,5241,0.98,0.89,0.24,-0.21,4.41,12.48,1.23245,13.69,11.642,13.4954,V,0
CoRoT-29,K,5260,0.9,0.97,0.2,-0.094,4.3,4.5,1.825,15.408,13.048,15.2394,V,0
TOI-220,K,5298,0.86,0.82,-0.217,-0.267,4.37,10.1,1.84687,10.466,8.542,10.1897,V,0
WASP-160 B,K,5298,0.87,0.87,0.27,-0.318,4.5,9.75,1.89,13.04,11.055,12.8842,V,0
HD 102195,K,5301,0.82,0.76,0.04,-0.334,4.49,2.4,2.16049,8.07,6.151,7.84665,V,0
HD 95872,K,5312,0.84,0.7,0.41,-0.242,4.43,10,1.52053,9.955,7.956,9.65278,V,0
TOI-125,K,5320,0.85,0.86,-0.02,-0.285,4.52,6.8,1.99,11.023,8.995,10.718,V,0
14 Her,K,5338,0.93,0.9,0.41,-0.153,4.45,3.9,1.27393,6.61935,4.714,6.383,V,0
XO-2 N,K,5340,0.99,0.97,0.43,-0.088,4.43,7.8,1.41,11.246,9.308,10.9718,V,0
K2-139,K,5370,0.88,0.96,0.24,-0.299,4.54,1.8,2.477,11.652,9.66,11.4626,V,0
HD 130322,K,5387,0.85,0.92,-0.02,-0.235,4.52,0.35,1.95795,8.04,6.234,7.83448,V,0
BD-10 3166,K,5393,0.91,1.47,0.38,-0.191,4.69,1,1.53276,10.013,8.124,9.83981,V,0
HD 7924,K,5131,0.78,0.65,-0.21,-0.406,4.46,0.88,2.47756,7.17896,5.159,6.92516,V,1
HD 95338,K,5212,0.87,0.83,0.04,-0.31,4.54,5.08,1.68654,8.62,6.591,8.38213,V,0.5
HD 83443,K,5442,0.94,0.79,0.35,-0.102,4.39,3.2,1.32072,8.23,6.444,8.0265,V,0
HD 189733,K,5052,0.75,0.79,-0.02,-0.461,4.49,1.4,2.65,7.67,5.541,7.41432,V,0
HD 69830,K,5385,0.9,0.86,-0.05,-0.22,4.47,7,1.83,5.96004,4.165,5.75392,V,0
HAT-P-19,K,4990,0.82,0.84,0.23,-0.432,4.54,8.8,2.32555,12.826,10.546,12.5567,,1
HD 330075,K,5000,0.84,0.47,0.05,-0.33,4.26,6.2,2.01681,9.36,7.171,9.09159,,1
HD 22781,K,5027,0.74,0.75,-0.37,-0.476,4.6,4.8,2.83035,8.78,6.607,8.52445,,1
HAT-P-26,K,5079,0.87,1.12,-0.04,-0.359,4.56,9,2.37,11.757,9.581,11.4641,,1
HIP 116454,K,5089,0.72,0.81,-0.16,-0.471,4.59,2,3,10.19,8.029,9.93208,,
HAT-P-52,K,5131,0.89,0.89,0.28,-0.305,4.48,9.4,1.75,14.107,11.621,13.787,,0.5
HD 97658,K,5175,0.74,0.89,-0.3,-0.434,4.49,6,3.06,7.76,5.734,7.5136,,1
WASP-2,K,5180,0.87,0.9,0.12,-0.313,4.51,8.2,1.94,11.728,9.632,11.5638,,1
K2-105,K,5464,0.91,0.99,0.25,-0.189,4.51,0.6,1.541,11.752,10.091,11.7124,,1
HD 7199,K,5371,0.97,0.77,0.32,-0.155,4.35,6.79,1.33716,8.06,6.229,7.83743,IV,1
HD 46375,K,5285,0.94,0.92,0.24,-0.245,4.53,9,1.64032,7.91,6,7.69533,IV-V,2
CoRoT-24,K,4950,0.86,0.91,0.3,-0.601,4.55,11,1.94863,15.383,12.924,15.1801,V,1
CoRoT-10,K,5075,0.79,0.89,0.26,-0.726,4.65,3,3.32,15.293,11.782,14.6645,V,1
CoRoT-8,K,5080,0.77,0.88,0.3,-0.4,4.58,3,2.7,14.792,11.463,14.2195,V,0
HD 101930,K,5108,0.86,0.57,0.15,-0.31,4.33,1,1.80149,8.21,6.147,7.96664,V,1
HD 15337,K,5125,0.86,0.9,0.15,-0.326,4.53,5.1,2.07949,9.1,7.044,8.85598,V,1
Kepler-428,K,5150,0.8,0.87,0.09,-0.39,4.57,5,1.704,15.362,13.234,15.2218,V,1
HD 25015,K,5160,0.83,0.86,0.04,-0.384,4.4,4,2.24688,8.87,6.806,8.59876,V,1
Kepler-425,K,5170,0.86,0.93,0.24,-0.323,4.54,5,1.448,14.845,12.806,14.7301,V,1
NGTS-14 A,K,5187,0.84,0.9,0.1,-0.311,4.2,5.9,2.00067,13.268,11.305,13.0986,V,1
Qatar-4,K,5215,0.85,0.9,0.103,-0.318,4.53,0.17,2.07,13.574,11.519,13.4114,V,1
HD 103197,K,5250,0.88,0.8,0.22,-0.328,4.45,9.1,1.74247,9.4,7.426,9.16421,V,1
HD 85390,K,5186,0.8,0.76,-0.07,-0.367,4.41,7.2,2.21458,8.54,6.491,8.29462,V,1.5
HD 204941,K,5026,0.78,0.58,-0.19,-0.509,4.42,6.67,2.35641,8.45,6.357,8.19092,V,1.5
GJ 86,K,5182,0.77,0.93,-0.22,-0.39,4.63,11.3,2.51158,6.12,4.125,5.88516,V,1
HAT-P-18,K,4803,0.75,0.77,0.1,-0.569,4.57,12.4,2.94,12.597,10.234,12.3682,,2
HD 156668,K,4850,0.72,0.77,0.05,0.23,4.6,8.6,2.53285,8.43,6.004,8.10753,,2
HATS-7,K,4985,0.81,0.85,0.25,-0.434,4.54,7.8,2.22,13.347,10.976,13.0499,,2
WASP-177,K,5017,0.89,0.88,0.25,-0.412,4.49,9.7,1.78,12.312,10.163,12.0715,,3
HD 216520,K,5103,0.76,0.82,-0.16,-0.452,4.54,6,2.39462,7.53,5.449,7.27896,,2
HD 137388,K,5181,0.88,0.68,0.19,-0.337,4.39,6.45,1.71112,8.71,6.763,8.47996,IV,2
eps Ind A,K,4754,0.78,0.75,-0.134,-0.622,4.57,4.7,2.56044,4.69,2.237,4.34562,V,2
HD 99492,K,4815,0.83,0.48,0.24,-0.475,4.28,4.8,2.83673,7.56727,5.256,7.26005,V,2
HD 27894,K,4875,0.89,0.8,0.3,-0.449,4.22,3.9,1.84634,9.36,7.071,9.06573,V,3
WASP-145 A,K,4900,0.68,0.76,-0.04,-0.684,4.65,6.99,3.36,11.636,9.194,11.3583,V,2
K2-36,K,4916,0.72,0.79,-0.09,-0.57,4.62,1.4,2.99,11.726,9.454001,11.527,V,2
Kepler-62,K,4925,0.64,0.69,-0.37,-0.678,4.68,7,3.8,13.965,11.659,13.7197,V,2
HD 104067,K,4937,0.74,0.62,0,-0.513,4.49,4.33,2.62618,7.92,5.614,7.62029,V,2
Kepler-411,K,4974,0.82,0.87,0.11,-0.579,4.6,0.212,3.55299,12.448,10.062,12.2327,V,2
WASP-52,K,5000,0.79,0.87,0.03,-0.354,4.58,0.4,2.48,12.192,10.086,11.9537,V,2
WTS-2,K,5000,0.75,0.82,0.2,-0.288,4.6,0.6,2.72,15.954,13.414,15.5965,V,2
HD 13808,K,5035,0.78,0.77,-0.21,-0.435,4.58,7.2,2.45775,8.36,6.25,8.11006,V,2
OGLE-TR-111,K,5040,0.83,0.82,0.19,-0.339,4.54,8.8,2.14,16.707,14.112,16.5277,V,2
Qatar-6,K,5052,0.72,0.82,-0.025,-0.514,4.64,1.02,3.08,11.496,9.226,11.1249,V,2
HD 108341,K,5122,0.79,0.84,0.04,-0.37,4.45,4.9,2.56687,9.38,7.326,9.14337,V,2
WASP-45,K,5150,0.85,0.85,-0.03,-0.336,4.5,12.7,1.92,11.801,10.294,12.0487,V,2
WASP-144,K,5200,0.81,0.81,0.18,-0.129,4.53,8.71,2.17,13.085,10.897,12.915,V,2
AB Pic,K,5285,1,0.9,0.04,-0.226,4.53,0.03,1.12014,9.13,6.981,8.8378,V,2
eps Eri,K,5136,0.77,0.78,-0.13,-0.419,4.71,0.5,2.78042,3.71548,1.776,3.47719,V,2
TOI-942,K,4928,1.02,0.79,-0.221,-0.369,4.31,0.09,1.634,11.982,9.639,11.6346,V,2.5
HD 176986,K,4931,0.78,0.79,0.03,-0.48,4.44,4.3,2.29582,8.42,6.22,8.14249,V,2.5
HD 40307,K,4956,0.72,0.77,-0.31,-0.639,4.47,4.5,3.02559,7.17,4.793,6.84367,V,2.5
HD 3765,K,5049.8,0.83,0.85,0.172,-0.416,4.53,2,2.33565,7.36,5.164,7.07827,V,2
Kepler-91,K,4550,6.3,1.31,0.11,1.225,2.95,4.47,0.0073,12.712,10.136,12.4762,,3
HAT-P-20,K,4595,0.69,0.76,0.35,-0.721,4.63,6.7,2.36,11.231,8.601,10.9903,,3
K2-101,K,4819,0.73,0.8,0.14,-0.595,4.51,0.79,2.92,12.892,10.536,12.6619,,3
WASP-156,K,4910,0.76,0.84,0.24,-0.435,4.6,6.4,2.68,11.559,9.339,11.3227,,3
K2-233,K,5033,0.71,0.79,-0.09,-0.523,4.64,0.36,3.17211,10.883,8.375,10.4191,,3
WASP-89,K,5130,0.88,0.92,0.15,-0.343,4.51,1.3,1.92,13.21,11.004,12.989,,3
HD 181433,K,4918,0.79,0.63,0.38,-0.456,4.45,2,2.14212,8.4,6.094,8.09228,IV,3
HD 219134,K,4699,0.78,0.81,0.11,-0.577,4.57,11,2.438,5.56911,3.261,5.2402,V,3
HD 162020,K,4723,0.75,0.42,-0.1,-0.602,4.31,6,2.6454,9.1,6.539,8.75949,V,3
WASP-11,K,4800,0.89,1.42,0,0,4.45,7.6,2.8,11.567,9.421,11.5535,V,3
BD-08 2823,K,4816,0.71,0.5,-0.06,-0.626,4.43,4.5,3.31801,9.86,7.323,9.50331,V,3
HD 128356,K,4875,0.85,0.65,0.17,-0.444,4.52,10,1.73248,8.2411,5.997,7.97745,V,3
K2-110,K,4950,0.71,0.75,-0.21,-0.567,4.61,8,3.515,11.985,9.607,11.6627,V,3
HD 93083,K,4995,0.85,0.7,0.15,-0.387,4.26,1,2.04813,8.3,6.132,8.04206,V,3
HD 103720,K,5017,0.73,0.79,-0.02,-0.458,4.43,3.8,2.46811,9.5,7.283,9.22376,V,3
HD 215497,K,5110,0.85,0.67,0.2,-0.41,4.4,7,1.97785,8.96,6.784,8.68605,V,3
Wolf 503,K,4716,0.69,0.69,-0.47,-0.644,4.62,11,4.10627,10.27,7.617,9.89816,V,3.5
HD 20868,K,4802,0.76,0.39,0.05,-0.529,4.26,4.5,2.45251,9.92,7.543,9.61323,IV,3.5
HD 190007,K,4610,0.79,0.77,0.16,-0.68,4.58,1,3.25324,7.46,4.796,7.06341,V,3.5
HD 218566,K,4730,0.85,0.76,0.28,-0.452,4.46,8.5,2.02846,8.6,6.223,8.27432,V,3
HD 114386,K,4836,0.76,0.6,-0.05,-0.54,4.45,1,2.44623,8.73,6.351,8.41823,V,3
HD 192310,K,5166,0.73,0.8,-0.04,-0.415,4.51,7.81,2.1457,5.73,3.501,5.47661,V,3
HAT-P-12,K,4650,0.7,0.73,-0.29,-0.678,4.61,2.5,2.205,12.665,10.108,12.4197,,4
WASP-132,K,4775,0.74,0.8,0.22,-0.584,4.61,0.5,2.82,11.938,9.674,11.7538,,4
HAT-P-11,K,4780,0.68,0.81,0.31,-0.567,4.66,6.5,3.70008,9.46,7.009,9.15098,,4
Kepler-167,K,4890,0.73,0.77,-0.03,-0.57,4.61,3.3,2.88,14.284,11.832,14.0004,,4
HIP 57274,K,4510,0.78,0.29,0.01,0.19,4.11,7.87,1.96681,8.97,6.286,8.57069,V,4
HIP 65 A,K,4590,0.72,0.78,0.18,-0.678,4.61,4.1,2.898,11,8.29,10.5895,V,4
TOI-824,K,4600,0.69,0.71,-0.092,-0.71,4.61,7.5,2.98,11.314,8.432,10.7616,V,4
HD 125595,K,4691,0.74,0.29,0.08,-0.617,4.17,3.53,2.51689,9.03,6.447,8.6555,V,4
OGLE-TR-113,K,4790,0.77,0.78,0.09,-0.529,4.55,13.2,2.365,15.8485,,15.443,V,4
HD 63454,K,4812,0.77,0.42,0.1,-0.592,4.28,1,2.36205,9.37,6.998,9.05402,V,4
GJ 143,K,4640,0.69,0.73,0.003,-0.686,4.61,3.8,3.03,8.08,5.375,7.67906,V,4
HD 285507,K,4503,0.69,0.82,0.13,-0.719,4.67,0.625,1.89557,10.49,7.665,10.0404,V,4.5
Kepler-80,K,4540,0.68,0.73,0.04,-0.77,4.64,2,2.33,15.23,12.253,14.7555,,4.5
K2-102,K,4695,0.71,0.77,0.14,-0.657,4.53,0.79,3.03,13.083,10.64,12.8466,,5
WASP-69,K,4700,0.86,0.98,0.15,-0.468,4.5,7,2.18,9.873,7.459,9.48466,,5
HD 85512,K,4300,0.71,0.43,-0.26,-0.775,4.36,5.61,2.92932,7.67,4.717,7.18726,V,5
Qatar-9,K,4309,0.7,0.72,0.252,-0.821,4.61,7.5,3.015,14.023,11.104,13.6871,V,5
GJ 9827,K,4340,0.6,0.61,-0.26,-0.942,4.66,10,3.97,10.37,7.193,9.83773,V,5
WASP-59,K,4650,0.61,0.72,-0.15,-0.794,4.72,0.5,4.38,12.659,9.723,12.3142,V,5
WASP-10,K,4675,0.7,0.75,0.05,-0.64,4.63,7,2.13,12.413,9.983,12.1739,V,5
BD-17 63,K,4714,0.69,0.74,-0.03,-0.678,4.26,4.3,2.75844,9.62,6.914,9.20112,V,5
K2-136,K,4499,0.66,0.74,0.15,-0.788,4.66,0.688,3.52,11.101,8.368,10.8545,,5.5
WASP-107,K,4425,0.67,0.68,0.02,-0.879,4.63,3.4,3.441,11.592,8.637,11.174,,6
PDS 70,K,3972,1.26,0.76,-0.11,-0.456,3.68,0.005,0.5411,12.032,8.542,11.5848,,7
TOI-1130,K,4250,0.69,0.68,0.2,-0.854,4.6,8.2,2.97,11.595,8.351,10.9028,,7
HAT-P-54,K,4390,0.62,0.65,-0.127,-0.902,4.67,3.9,2.08306,13.398,10.326,13.0172,,7
Kepler-61,K,4017,0.62,0.64,0.03,-0.971,4.67,1,4.93239,15.277,12.272,15.0426,V,7
GJ 414 A,K,4120,0.68,0.65,0.24,-0.924,4.65,12.4,2.1524,8.31,4.979,7.72808,V,7
WASP-43,K,4400,0.6,0.58,-0.01,-0.825,4.49,7,2.526,12.305,9.267,11.907,V,7
BD-11 4672,K,4550,0.64,0.65,-0.35,-0.804,4.64,7.4,3.53,10.03,6.867,9.48511,V,7
K2-141,K,4599,0.68,0.71,-0.06,-0.75,4.62,6.3,3.164,11.454,8.401,10.7217,V,7
Kepler-287,K,5806,1.03,0.97,0.117,-0.134,4.4,7.6,13.82309,14.952,13.135,14.7442,V,3
BD-06 1339,K,4324,0.69,0.7,-0.14,-1.022,4.74,4.4,2.747,9.7,6.305,9.10677,V,7
WASP-80,K,4143,0.59,0.58,-0.13,-1.04,4.66,7,4.05,11.841,8.351,11.273,V,7
HD 113538,K,4462,0.53,0.58,-0.24,-1.046,3.79,4.3,1.97036,9.05,5.637,8.4428,V,9
Kepler-42,M,3068,0.17,0.13,-0.33,-2.62,5.11,4.5,26.8,16.7,11.465,14.9931,,
GJ 163,M,3500,0.41,0.4,0.1,-1.708,4.82,6,8.24778,11.79,7.135,10.6771,,
Kepler-45,M,3820,0.55,0.59,0.28,-1.276,4.7,0.5,4,16.744,12.892,15.9804,,
K2-315,M,3300,0.2,0.17,-0.24,-2.387,5.09,1,32.6,17.67,11.838,15.6791,,
LP 791-18,M,2960,0.17,0.14,-0.09,-2.697,5.12,0.5,31.1,16.91,10.644,15.0715,,
TOI-1899,M,3841,0.61,0.63,0.31,-1.057,4.67,7.4,3.95,14.88,10.509,13.5553,,0
ROXs 12,M,3850,1.07,0.87,0.14,-0.79,4.07,0.008,0.56288,14.763,9.099,13.2655,,0
TOI-1728,M,3980,0.62,0.65,0.25,-1.056,4.66,7.1,3.78,12.39,8.803001,11.7294,,0
EPIC 211822797,M,4148.21,0.57,0.66,0.14,-1.153,4.65,0.79,3.87972,15.133,11.429,14.5263,,0
Kepler-26,M,3914,0.51,0.54,-0.13,-1.06,4.68,2.95,5.98262,15.853,12.63,15.4089,V,0
Kepler-303,M,3944,0.48,0.57,-0.414,-1.066,4.77,3.31,5.28345,14.917,11.596,14.396,V,0
Kepler-52,M,4075,0.52,0.54,0,-0.996,4.74,3.55,8.09685,15.513,12.36,15.0589,V,0
Kepler-83,M,4082,0.61,0.66,-0.2,-1.102,4.69,3.09,6.12072,16.145,12.947,15.7832,V,0
Kepler-120,M,4096,0.53,0.65,-0.12,-0.677,4.73,3.63,2.77559,14.995,12.307,14.7188,V,0
Kepler-252,M,4208,0.55,0.61,-0.13,-0.786,4.72,13.9,7.39154,15.406,12.466,15.0293,V,0
Kepler-235,M,4255,0.55,0.58,-0.51,-1.102,4.73,6,4.14,16.567,13.116,15.9695,V,0
Kepler-81,M,4385,0.59,0.64,-0.18,-0.889,4.7,3.63,4.19265,15.258,12.392,15.004,V,0
Kepler-155,M,4508,0.62,0.64,-0.142,-1.21,4.68,2.9,1.00752,14.654,11.805,14.24,V,0
Kepler-210,M,4559,0.65,0.77,0.277,-0.799,4.66,1.78,4.67612,14.126,11.313,13.8043,V,0
Kepler-28,M,4590,0.7,0.75,0.34,-0.745,4.29,2.24,4.13623,15.13,12.719,15.0257,V,0
Kepler-114,M,4605,0.67,0.77,0.229,-0.685,4.65,2.69,3.41328,13.961,11.366,13.7125,V,0
Kepler-159,M,4625,0.66,0.63,-0.28,-0.754,4.65,2.51,5.02511,15.386,12.357,14.8882,V,0
Kepler-309,M,4713,0.72,0.67,0.11,-0.574,4.61,3.02,2.8044,15.418,12.852,15.1261,V,0
Kepler-94,M,4781,0.76,0.81,0.34,-0.613,4.59,1.41,2.9,13.071,10.594,12.8567,V,0
K2-21,M,4222.06,0.65,0.68,-0.11,-0.985,4.83,1,3.1676,12.851,9.417,12.2785,V,0
GJ 338 B,M,4005,0.58,0.64,-0.03,-1.101,4.68,4,4.04454,7.7,4.136,7.04775,V,0
K2-3,M,3896,0.56,0.6,-0.32,-1.15,4.73,1,5.05,12.168,8.561,11.4785,V,0
TOI-1235,M,3997,0.62,0.63,0.33,-1.054,4.64,5.3,3.74,11.495,7.893,10.8492,V,0.5
Kepler-186,M,3788,0.47,0.48,-0.28,-1.385,4.77,4,6.4,15.138,11.605,14.5994,,1
GSC 06214-00210,M,4200,0.9,0.6,-0.06,-0.546,4.37,0.005,1.32072,12.416,9.152,11.8633,,1
Kepler-225,M,3682,0.48,0.59,-0.04,-0.996,4.78,2.88,2.7212,16.294,13.253,15.9504,V,1
GJ 536,M,3685,0.5,0.52,-0.08,-1.377,4.75,0.4,5.4445,9.71,5.683,8.85881,V,1
Kepler-54,M,3705,0.5,0.51,-0.27,-1.301,4.75,13.8,0.18002,16.282,12.648,15.8133,V,1
TOI-776,M,3709,0.54,0.54,-0.2,-1.31,4.73,7.8,6.024,11.536,7.615,10.7409,V,1
Kepler-617,M,3712,0.48,0.51,-0.07,-1.305,4.77,3.98,4.72214,15.549,11.573,14.8277,V,1
HATS-6,M,3724,0.57,0.57,0.2,-1.1,4.68,8.1,4.36,15.044,11.224,14.3601,V,1
Kepler-236,M,3750,0.51,0.6,-0.05,-1.229,4.75,3.16,3.70571,16.014,12.312,15.3743,V,1
Kepler-231,M,3767,0.49,0.58,-0.1,-1.036,4.78,3.47,33.27197,15.813,12.589,15.3896,V,1
Kepler-125,M,3810,0.51,0.54,-0.14,-1.328,4.74,13.5,4.68232,15.431,11.682,14.7675,V,1
Kepler-138,M,3841,0.44,0.52,-0.28,-1.222,4.89,4.68,9.5,13.04,9.506,12.4715,V,1
Kepler-32,M,3900,0.53,0.58,0,-1.292,4.64,2.69,4.21511,16.36,12.757,15.8123,V,1
Kepler-49,M,3974,0.53,0.55,0.03,-1.131,4.73,2.88,4.13698,15.655,12.383,15.2293,V,1
Kepler-267,M,4258,0.56,0.54,-0.18,-1.229,4.73,3.31,4.69279,16.69,12.485,15.4693,V,1
Kepler-205,M,4321,0.55,0.59,-0.125,-0.956,4.74,3.16,1.97675,13.779,10.833,13.4947,V,1
K2-26,M,3785,0.52,0.56,-0.13,-1.31,4.72,1,3.92,14.528,10.53,13.7519,V,1
GJ 832,M,3472,0.44,0.45,-0.3,-1.585,4.7,9.24,7.16403,8.66,4.501,7.73761,V,1.5
GJ 3470,M,3600,0.55,0.54,0.2,-1.538,4.7,1.65,3.3,12.332,7.989,11.3537,V,1.5
GJ 649,M,3700,0.46,0.54,0.08,-1.365,4.72,0.44,5.25992,9.7,5.624,8.81875,V,1.5
TOI-700,M,3461,0.42,0.41,-0.07,-1.635,4.8,1.5,7.68,13.151,8.634,12.0665,V,2
HD 285968,M,3543,0.49,0.5,-0.1,-1.658,4.75,3.62,5.92298,9.95,5.607,8.99955,V,2
Kepler-249,M,3568,0.48,0.51,-0.34,-1.495,4.78,3.09,5.34498,16.37,11.966,15.2305,V,2
Kepler-296,M,3740,0.48,0.5,-0.08,-1.509,4.77,13.9,6.4,16.363,12.6,15.9015,V,2
GJ 674,M,3600,0.36,0.35,-0.28,-1.796,4.86,0.55,10.21003,9.38,4.855,8.33063,V,2.5
G 9-40,M,3348,0.31,0.29,0.04,-1.971,4.93,9.9,14.11,13.821,9.19,12.7331,V,2.5
K2-9,M,3390,0.31,0.3,-0.25,-1.921,4.82,1,9.88,15.86,11.495,14.8665,V,2.5
GJ 436,M,3479,0.46,0.47,0.02,-1.585,4.79,6,7,10.67,6.073,9.57148,V,2.5
GJ 317,M,3510,0.43,0.42,0.36,-1.687,4.8,5,7.64772,12.4,7.028,10.7539,V,2.5
K2-104,M,3546.46,0.49,0.43,0.14,-1.434,4.74,0.79,5.56106,15.989,12.014,15.3955,,2.5
GU Psc,M,4031.81,0.45,0.33,0.1,-1.602,4.78,0.1,6.89528,14.146,9.345,12.9656,,3
GJ 849,M,3241,0.53,0.65,0.24,-1.583,4.8,3,6.51372,10.41,5.594,9.2245,V,3
K2-288 B,M,3341,0.32,0.33,-0.21,-1.93,4.96,1,14.2,13.868,9.724,14.5451,V,3
GJ 581,M,3396,0.33,0.31,-0.25,-1.885,4.89,4.3,12.22384,10.57,5.837,9.411,V,3
HATS-71,M,3405,0.48,0.49,0.17,-1.56,4.77,3.2,6.26,16.437,11.727,15.3512,V,3
L 98-59,M,3412,0.31,0.31,-0.5,-1.947,4.94,1,15.8,11.685,7.101,10.5976,V,3
K2-95,M,3548,0.42,0.44,-0.03,-1.635,4.84,0.79,1.12,17.236,12.474,16.0836,,3
K2-146,M,3385,0.33,0.33,-0.02,-1.824,4.9,5,13.1,16.7,11.37,14.9834,V,3
LSPM J2116+0234,M,3475,0.43,0.43,-0.05,-1.699,4.95,2,7.5179,11.961,7.324,10.8595,V,3
Kepler-445,M,3157,0.21,0.18,0.27,-2.1,4.93,6.61,14.39263,18.19,12.61,16.7157,,4
Ross 128,M,3192,0.2,0.17,-0.02,-2.441,5.05,5,27.33385,11.12,5.654,9.59067,,4
Kepler-446,M,3359,0.24,0.22,-0.3,-2.248,5.03,3.72,25.35714,17.5041,12.827,16.3101,,4
GJ 876,M,3271,0.3,0.32,0.05,-1.907,4.87,1,10.86557,10.16,5.01,8.8753,V,2.5
GJ 4276,M,3387,0.41,0.41,0.12,-1.706,4.97,6.9,8.27661,12.903,7.887,11.6605,,4
GJ 1214,M,3026,0.22,0.15,0.39,-2.312,4.94,3,26.20204,15.1,8.782,13.0089,,4.5
LHS 1140,M,3216,0.21,0.19,-0.24,-0.321,5.06,5,25.99071,14.15,8.821,12.6706,V,4.5
GJ 1132,M,3270,0.21,0.18,-0.12,-2.359,4.88,5,15.4,13.68,8.322,12.138,V,4.5
GJ 1061,M,2953,0.16,0.12,-0.08,-2.77,5.16,7,47.5619,12.7,6.61,10.9889,V,5.5
GJ 3512,M,3081,0.14,0.12,-0.07,-2.804,5.16,5.5,47.47816,15.18,8.668,13.1117,V,5.5
Teegardens Star,M,2904,0.11,0.09,-0.19,-3.137,5.27,8,79.80688,15.13,7.585,12.2746,V,7
